load_mass,radius,boom_len,slew_angle,soil_ks,cwt_mass,mat_L,mat_W,p_max,safety_factor,timestamp
62.65289906518252,8.437239541708646,60.0,0,10000.0,30.0,6.0,0.8,229.9360781307348,0.08698069551585809,2025-12-01T20:16:15.253022
41.797954677742915,35.84273101559728,60.0,10,10000.0,30.0,6.0,0.8,1134.2049143312238,0.017633497922016027,2025-12-01T20:16:15.261330
54.511672646420486,33.20265115534136,60.0,20,10000.0,30.0,6.0,0.8,1550.8458027498084,0.012896188624644664,2025-12-01T20:16:15.269192
42.04387954836917,11.142132059869414,60.0,30,10000.0,30.0,6.0,0.8,165.97402458589897,0.1205007834804241,2025-12-01T20:16:15.273234
11.35820547108171,27.822965331605733,60.0,40,10000.0,30.0,6.0,0.8,123.98741726654423,0.16130669096045958,2025-12-01T20:16:15.276090
76.67979561723041,41.81298594657286,60.0,50,10000.0,30.0,6.0,0.8,957.048450158876,0.020897583603713975,2025-12-01T20:16:15.287915
17.5721489858131,3.6952981883304723,60.0,60,10000.0,30.0,6.0,0.8,23.34619911169567,0.8566704971680235,2025-12-01T20:16:15.289704
29.31195168364044,37.18510622485522,60.0,70,10000.0,30.0,6.0,0.8,217.124884314117,0.09211288730528822,2025-12-01T20:16:15.292932
25.42516583373078,3.8868419285217417,60.0,80,10000.0,30.0,6.0,0.8,19.242403719630236,1.0393711872699614,2025-12-01T20:16:15.294618
87.08471436813298,35.428667654938366,60.0,90,10000.0,30.0,6.0,0.8,336.6564343410903,0.059407746176437536,2025-12-01T20:16:15.297301
12.692859735516311,40.57548811109992,60.0,100,10000.0,30.0,6.0,0.8,88.14620724069441,0.22689575225156836,2025-12-01T20:16:15.300243
43.64772693685965,14.703348532868727,60.0,110,10000.0,30.0,6.0,0.8,112.12457200608237,0.17837303315561434,2025-12-01T20:16:15.302371
18.76615552909535,40.940538815622716,60.0,120,10000.0,30.0,6.0,0.8,196.4842681778339,0.10178931975306241,2025-12-01T20:16:15.304994
57.11561931816572,17.05184500848787,60.0,130,10000.0,30.0,6.0,0.8,320.79320701733053,0.06234545982427714,2025-12-01T20:16:15.308311
67.67471567712391,9.920129562287325,60.0,140,10000.0,30.0,6.0,0.8,486.51227451264856,0.04110893197922806,2025-12-01T20:16:15.316831
58.693723898673696,36.89455267971332,60.0,150,10000.0,30.0,6.0,0.8,2044.4618758809086,0.009782525287434127,2025-12-01T20:16:15.322633
84.41450296060773,40.52336483477581,60.0,160,10000.0,30.0,6.0,0.8,2935.211354352751,0.006813819376359777,2025-12-01T20:16:15.330230
36.402700718803075,28.597305378694752,60.0,170,10000.0,30.0,6.0,0.8,774.1271040693999,0.025835550641315635,2025-12-01T20:16:15.336814
70.81796668554188,15.669757923472472,60.0,180,10000.0,30.0,6.0,0.8,651.5127329362812,0.030697788376080788,2025-12-01T20:16:15.342936
77.86536630194558,12.05238682028423,60.0,190,10000.0,30.0,6.0,0.8,649.6164421782756,0.030787398072832886,2025-12-01T20:16:15.349520
66.50961764985243,22.26010229991781,60.0,200,10000.0,30.0,6.0,0.8,1233.392217330977,0.016215442029688974,2025-12-01T20:16:15.356632
87.94582982981896,32.59928400029713,60.0,210,10000.0,30.0,6.0,0.8,2676.4554194731063,0.007472569822940391,2025-12-01T20:16:15.363726
51.40182553016165,17.892661789088187,60.0,220,10000.0,30.0,6.0,0.8,625.0360558194368,0.0319981540485365,2025-12-01T20:16:15.370856
83.49783042225876,8.14022538755002,60.0,230,10000.0,30.0,6.0,0.8,189.74665358446106,0.10540370342340447,2025-12-01T20:16:15.373800
50.05512710407925,15.51333114702281,60.0,240,10000.0,30.0,6.0,0.8,169.49139964874644,0.11800008756460771,2025-12-01T20:16:15.377087
98.09278026788324,26.176163034409115,60.0,250,10000.0,30.0,6.0,0.8,490.63646884981443,0.04076337832547476,2025-12-01T20:16:15.380748
32.12795949396697,11.092163227414703,60.0,260,10000.0,30.0,6.0,0.8,41.640946815267434,0.48029647569557915,2025-12-01T20:16:15.382966
76.1667447349161,13.51552365090896,60.0,270,10000.0,30.0,6.0,0.8,106.90447228571637,0.1870829121774003,2025-12-01T20:16:15.385666
45.650933963261664,3.0443708388905297,60.0,280,10000.0,30.0,6.0,0.8,19.93849108406326,1.0030849333421177,2025-12-01T20:16:15.387263
96.20741428972707,28.696978236900694,60.0,290,10000.0,30.0,6.0,0.8,529.5381858261804,0.03776875877005204,2025-12-01T20:16:15.390823
69.93830264878385,36.30276738702378,60.0,300,10000.0,30.0,6.0,0.8,616.438386560361,0.03244444284464044,2025-12-01T20:16:15.394743
35.891697148219194,13.270983456172159,60.0,310,10000.0,30.0,6.0,0.8,129.68104498092154,0.15422454378696876,2025-12-01T20:16:15.398510
79.30928449848766,28.034041553242346,60.0,320,10000.0,30.0,6.0,0.8,1332.7487291179984,0.015006579682305026,2025-12-01T20:16:15.419337
73.35117312070648,26.835136972176564,60.0,330,10000.0,30.0,6.0,0.8,1821.7426756738291,0.010978498921425535,2025-12-01T20:16:15.428785
23.948018848796398,37.225857011739166,60.0,340,10000.0,30.0,6.0,0.8,791.7688170397535,0.025259898558237653,2025-12-01T20:16:15.438167
28.452340578766727,5.304558566562219,60.0,350,10000.0,30.0,6.0,0.8,20.70166117554165,0.9661060448438487,2025-12-01T20:16:15.440114
50.0,12.0,16.0,0,10000.0,68.0,6.0,2.0,20.071758432871462,0.9964249055153064,2025-12-01T20:18:27.356510
75.5101139376341,7.677394045250312,16.0,0,10000.0,68.0,6.0,2.0,18.466822196555295,1.083023369539492,2025-12-01T20:18:30.397530
49.05907307152691,10.14780393757776,16.0,1,10000.0,68.0,6.0,2.0,14.426463131809442,1.386341185449763,2025-12-01T20:18:30.412199
83.42243358922069,3.2446777814221304,16.0,2,10000.0,68.0,6.0,2.0,12.620051031325856,1.5847796455303882,2025-12-01T20:18:30.430627
15.005954977561178,10.19142236149895,16.0,3,10000.0,68.0,6.0,2.0,13.656685160382532,1.4644842262322308,2025-12-01T20:18:30.446323
163.4611115204613,5.8543378004522,16.0,4,10000.0,68.0,6.0,2.0,51.55632735423457,0.38792522715172234,2025-12-01T20:18:30.464221
121.62746556361226,7.097302540773972,16.0,5,10000.0,68.0,6.0,2.0,43.98711649798849,0.4546785875567586,2025-12-01T20:18:30.481553
37.18733060473776,9.249314676454292,16.0,6,10000.0,68.0,6.0,2.0,7.498024058005107,2.667369408964142,2025-12-01T20:18:30.495386
164.39150456460325,3.7074010634882857,16.0,7,10000.0,68.0,6.0,2.0,23.085672057731887,0.8663382183539928,2025-12-01T20:18:30.511602
145.5751403949667,10.350835813085377,16.0,8,10000.0,68.0,6.0,2.0,2240.723921292899,0.008925686832700027,2025-12-01T20:18:30.553036
18.352380698003174,9.674624666859883,16.0,9,10000.0,68.0,6.0,2.0,12.961316313340848,1.543053152665857,2025-12-01T20:18:30.571144
109.09539752462521,6.230084925378895,16.0,10,10000.0,68.0,6.0,2.0,25.351105273080503,0.7889202377790343,2025-12-01T20:18:30.589570
171.6685695611976,9.11906707360965,16.0,11,10000.0,68.0,6.0,2.0,2470.197033480756,0.00809652012731065,2025-12-01T20:18:30.633571
86.35929676177929,7.534086484878794,16.0,12,10000.0,68.0,6.0,2.0,23.587916500252085,0.8478917584682081,2025-12-01T20:18:30.649793
68.07701496253304,9.104953915708204,16.0,13,10000.0,68.0,6.0,2.0,21.762302893401635,0.9190203857544889,2025-12-01T20:18:30.665183
27.28606149527977,9.302431729692916,16.0,14,10000.0,68.0,6.0,2.0,10.180410549302263,1.9645573135919105,2025-12-01T20:18:30.680569
23.046427289517325,6.607698918410268,16.0,15,10000.0,68.0,6.0,2.0,15.1816202708963,1.3173824429228218,2025-12-01T20:18:30.698549
100.60959755001325,3.196186094079472,16.0,16,10000.0,68.0,6.0,2.0,11.341275353333467,1.7634701016338106,2025-12-01T20:18:30.713692
10.276684101841365,8.61953308122732,16.0,17,10000.0,68.0,6.0,2.0,19.335818151932344,1.0343498187068583,2025-12-01T20:18:30.731493
163.1098049210114,9.617427123770861,16.0,18,10000.0,68.0,6.0,2.0,2733.35840339801,0.007317006059335922,2025-12-01T20:18:30.776003
141.69146674276178,11.119320421478317,16.0,19,10000.0,68.0,6.0,2.0,2783.7428522450336,0.007184571658215627,2025-12-01T20:18:30.817842
157.25249558284975,10.055674855692065,16.0,20,10000.0,68.0,6.0,2.0,2827.894815471741,0.0070723988355499215,2025-12-01T20:18:30.859470
96.973300842948,5.431907467705655,16.0,21,10000.0,68.0,6.0,2.0,17.40146700908257,1.149328386483803,2025-12-01T20:18:30.876018
77.3449695125645,8.427233752843275,16.0,22,10000.0,68.0,6.0,2.0,24.07447293066878,0.8307554669046043,2025-12-01T20:18:30.891731
173.57568793458103,10.687161372537615,16.0,23,10000.0,68.0,6.0,2.0,3544.765760267743,0.005642121751505905,2025-12-01T20:18:30.932400
166.19240820111185,5.063551632700499,16.0,24,10000.0,68.0,6.0,2.0,37.61922697376959,0.5316430349285277,2025-12-01T20:18:30.952234
173.67982755663468,7.102873141077087,16.0,25,10000.0,68.0,6.0,2.0,165.58439911055146,0.12078432574222839,2025-12-01T20:18:30.973468
129.34712389929183,6.703389849238674,16.0,26,10000.0,68.0,6.0,2.0,42.67857953210458,0.4686191578835275,2025-12-01T20:18:30.990814
110.71520567491532,8.25586863764299,16.0,27,10000.0,68.0,6.0,2.0,55.47885684228821,0.36049769476784166,2025-12-01T20:18:31.009515
156.763101782175,4.460637961139888,16.0,28,10000.0,68.0,6.0,2.0,27.610602828655257,0.7243594109159868,2025-12-01T20:18:31.025728
31.1232364326803,11.060178654542899,16.0,29,10000.0,68.0,6.0,2.0,7.602804497278485,2.6306082192642517,2025-12-01T20:18:31.040996
154.75089333834796,8.155824578223127,16.0,30,10000.0,68.0,6.0,2.0,265.76748325252936,0.07525375096770667,2025-12-01T20:18:31.066822
108.02026466538783,7.426221956586038,16.0,31,10000.0,68.0,6.0,2.0,35.90667374885764,0.556999518804949,2025-12-01T20:18:31.083433
69.92423249974661,4.3879737883992425,16.0,32,10000.0,68.0,6.0,2.0,10.50466823387502,1.9039154359492123,2025-12-01T20:18:31.099679
45.77625054836088,10.874461504553878,16.0,33,10000.0,68.0,6.0,2.0,14.889456987907517,1.3432323298454076,2025-12-01T20:18:31.115379
68.07788006413347,10.874010945292962,16.0,34,10000.0,68.0,6.0,2.0,32.62305716086967,0.6130633282275387,2025-12-01T20:18:31.132232
134.59385680486605,7.656676780566298,16.0,35,10000.0,68.0,6.0,2.0,68.00528242214902,0.29409480098690227,2025-12-01T20:18:31.149915
51.234951105938684,3.147381173076717,16.0,36,10000.0,68.0,6.0,2.0,16.25227017852211,1.230597312271527,2025-12-01T20:18:31.164515
61.14643853293033,7.364691520895681,16.0,37,10000.0,68.0,6.0,2.0,12.756627516315806,1.5678124938914988,2025-12-01T20:18:31.180460
172.54301266283878,6.063844979824349,16.0,38,10000.0,68.0,6.0,2.0,57.34332678929739,0.34877641601590537,2025-12-01T20:18:31.199056
89.70931559203882,9.787960249524197,16.0,39,10000.0,68.0,6.0,2.0,47.09931296544443,0.4246346441332062,2025-12-01T20:18:31.216846
25.737760556737086,7.247271939018378,16.0,40,10000.0,68.0,6.0,2.0,13.24170161003721,1.5103799035042447,2025-12-01T20:18:31.232006
146.8374060243844,7.245662679877625,16.0,41,10000.0,68.0,6.0,2.0,63.92497481650408,0.31286676384949347,2025-12-01T20:18:31.249041
26.98769009960697,3.081606440663828,16.0,42,10000.0,68.0,6.0,2.0,19.838017944726612,1.0081652338315605,2025-12-01T20:18:31.263726
11.644737924208002,6.000555474175827,16.0,43,10000.0,68.0,6.0,2.0,19.994316795487727,1.0002842409955992,2025-12-01T20:18:31.283551
89.51021901560524,4.763939800408796,16.0,44,10000.0,68.0,6.0,2.0,12.324649263411178,1.6227642322751554,2025-12-01T20:18:31.297848
69.70448876138175,7.483997028272919,16.0,45,10000.0,68.0,6.0,2.0,15.876752331838862,1.259703469700946,2025-12-01T20:18:31.316199
51.79553542183808,4.734644230688032,16.0,46,10000.0,68.0,6.0,2.0,12.089141964484867,1.6543771310449844,2025-12-01T20:18:31.332289
157.905992773606,7.11965998851007,16.0,47,10000.0,68.0,6.0,2.0,64.91316368792968,0.30810391704447015,2025-12-01T20:18:31.349406
140.40544926906077,5.2587442294910325,16.0,48,10000.0,68.0,6.0,2.0,27.585316068755215,0.7250234128240858,2025-12-01T20:18:31.365404
60.77504466579039,9.072541579816061,16.0,49,10000.0,68.0,6.0,2.0,16.741471887667505,1.1946380900196039,2025-12-01T20:18:31.381712
43.155694054971,7.4532551068136454,16.0,50,10000.0,68.0,6.0,2.0,8.119135224569693,2.463316529016178,2025-12-01T20:18:31.397297
149.0814026544485,5.894616186575686,16.0,51,10000.0,68.0,6.0,2.0,35.793672504667725,0.5587579759353241,2025-12-01T20:18:31.416636
11.93728061964258,7.826217379290719,16.0,52,10000.0,68.0,6.0,2.0,16.52547743929146,1.2102524767270815,2025-12-01T20:18:31.436185
48.12286925296483,7.507871291719831,16.0,53,10000.0,68.0,6.0,2.0,8.31134752611435,2.406348662134482,2025-12-01T20:18:31.452866
143.0381242134029,6.892522388424055,16.0,54,10000.0,68.0,6.0,2.0,43.51664162796624,0.45959428971988675,2025-12-01T20:18:31.470090
101.18377547007667,7.505405742411116,16.0,55,10000.0,68.0,6.0,2.0,27.175830786846642,0.7359480619698364,2025-12-01T20:18:31.487362
137.63657715030715,4.349717638581434,16.0,56,10000.0,68.0,6.0,2.0,20.398588690664226,0.9804599868790606,2025-12-01T20:18:31.505070
174.97674676471624,6.310877789084574,16.0,57,10000.0,68.0,6.0,2.0,50.334180502141685,0.39734430560857176,2025-12-01T20:18:31.521799
148.35196883340538,10.079219818857382,16.0,58,10000.0,68.0,6.0,2.0,256.7864399471218,0.07788573261157583,2025-12-01T20:18:31.545182
21.599664904509908,8.319150497409325,16.0,59,10000.0,68.0,6.0,2.0,12.164722504213875,1.6440983337739086,2025-12-01T20:18:31.561969
58.95755522311656,10.232661294623494,16.0,60,10000.0,68.0,6.0,2.0,17.82403505626447,1.1220803783692492,2025-12-01T20:18:31.578852
167.50713697646384,9.940773033402923,16.0,61,10000.0,68.0,6.0,2.0,1108.9251956833832,0.018035481633794835,2025-12-01T20:18:31.628515
128.03201262683712,10.226575427206857,16.0,62,10000.0,68.0,6.0,2.0,110.70320715370161,0.1806632392522447,2025-12-01T20:18:31.646459
23.844302104995847,7.6634242842052105,16.0,63,10000.0,68.0,6.0,2.0,11.947136227043565,1.674041345132397,2025-12-01T20:18:31.663587
38.17604985520781,6.548961033795006,16.0,64,10000.0,68.0,6.0,2.0,10.340317857080077,1.9341765191778781,2025-12-01T20:18:31.680917
170.17784971504486,5.178478417158626,16.0,65,10000.0,68.0,6.0,2.0,30.938843446674717,0.6464365752543857,2025-12-01T20:18:31.697062
164.16824704855466,3.460675247134508,16.0,66,10000.0,68.0,6.0,2.0,19.227320538847902,1.040186538711462,2025-12-01T20:18:31.712328
137.5320812886213,10.518538979459269,16.0,67,10000.0,68.0,6.0,2.0,365.5397144634175,0.054713617176613404,2025-12-01T20:18:31.742099
27.9566785730358,9.22931570126852,16.0,68,10000.0,68.0,6.0,2.0,9.120315622699442,2.1929065645735157,2025-12-01T20:18:31.759566
150.84824197943004,8.935580272369453,16.0,69,10000.0,68.0,6.0,2.0,90.1960043878567,0.2217393124644072,2025-12-01T20:18:31.778987
45.05657910965663,5.383911265698121,16.0,70,10000.0,68.0,6.0,2.0,10.6935418852388,1.8702877133354376,2025-12-01T20:18:31.795876
158.67477037807765,5.814875070172551,16.0,71,10000.0,68.0,6.0,2.0,30.165271345191524,0.663014092302806,2025-12-01T20:18:31.813383
51.12698820050097,7.601694086644261,16.0,72,10000.0,68.0,6.0,2.0,9.068318801807639,2.2054804685531444,2025-12-01T20:18:31.830064
51.48359778076215,5.253916056000881,16.0,73,10000.0,68.0,6.0,2.0,9.983488581404997,2.003307745275686,2025-12-01T20:18:31.845819
71.42375063688678,7.757245456749226,16.0,74,10000.0,68.0,6.0,2.0,14.547547013513435,1.374802224830186,2025-12-01T20:18:31.863681
82.39224011733178,9.644081907108067,16.0,75,10000.0,68.0,6.0,2.0,22.383234429275994,0.8935259139242692,2025-12-01T20:18:31.879384
38.08693270466526,3.1749403737738366,16.0,76,10000.0,68.0,6.0,2.0,13.564591259720183,1.4744270296879236,2025-12-01T20:18:31.894261
137.16110666666398,7.931361264258349,16.0,77,10000.0,68.0,6.0,2.0,35.69247930892122,0.5603421333356651,2025-12-01T20:18:31.913501
175.97845747061297,4.700801350095757,16.0,78,10000.0,68.0,6.0,2.0,25.080643913115832,0.7974276924182585,2025-12-01T20:18:31.931456
57.60186538033611,4.308647721349096,16.0,79,10000.0,68.0,6.0,2.0,10.601264264835475,1.8865674414267974,2025-12-01T20:18:31.947237
94.80494075646355,9.142343098827318,16.0,80,10000.0,68.0,6.0,2.0,23.074914685730064,0.8667420994786322,2025-12-01T20:18:31.963624
76.49620127127307,8.807775777230267,16.0,81,10000.0,68.0,6.0,2.0,16.786292267254247,1.191448336629696,2025-12-01T20:18:31.979537
39.84399362819086,9.570576085666762,16.0,82,10000.0,68.0,6.0,2.0,8.321312632096783,2.4034669629952905,2025-12-01T20:18:31.994507
136.28172392660142,5.944849691085883,16.0,83,10000.0,68.0,6.0,2.0,21.63066580485204,0.924613240315226,2025-12-01T20:18:32.009804
92.81863846572786,10.762763718073348,16.0,84,10000.0,68.0,6.0,2.0,26.884714729112115,0.7439171366152901,2025-12-01T20:18:32.025838
54.001944209064156,8.356945235657918,16.0,85,10000.0,68.0,6.0,2.0,10.190762395400203,1.9625617028444688,2025-12-01T20:18:32.041526
57.745834922748855,9.67929792172913,16.0,86,10000.0,68.0,6.0,2.0,12.592240656537873,1.5882796831409054,2025-12-01T20:18:32.056657
34.21952377490141,10.658816184868734,16.0,87,10000.0,68.0,6.0,2.0,7.6832058703185995,2.603080060273155,2025-12-01T20:18:32.072540
156.19262823194993,9.660186820477879,16.0,88,10000.0,68.0,6.0,2.0,1115.9498555104333,0.017921952228625936,2025-12-01T20:18:32.144935
52.76841961911809,8.0446749626341,16.0,89,10000.0,68.0,6.0,2.0,9.30718919616464,2.148876484453729,2025-12-01T20:18:32.167391
55.22645282858035,4.250383018606991,16.0,90,10000.0,68.0,6.0,2.0,9.958449894985366,2.0083446932911833,2025-12-01T20:18:32.182713
74.34775176714416,10.09867055207205,16.0,91,10000.0,68.0,6.0,2.0,16.383197812149092,1.2207628955788374,2025-12-01T20:18:32.197961
12.377516381466052,5.43400605792482,16.0,92,10000.0,68.0,6.0,2.0,11.47643720914004,1.7427011219188864,2025-12-01T20:18:32.212671
118.26286103672113,6.322794551108384,16.0,93,10000.0,68.0,6.0,2.0,18.41861287898071,1.0858581007923764,2025-12-01T20:18:32.227733
26.816631225706384,8.813114980313799,16.0,94,10000.0,68.0,6.0,2.0,8.704606033498296,2.2976341402509397,2025-12-01T20:18:32.243211
23.425710849284407,9.579376733272934,16.0,95,10000.0,68.0,6.0,2.0,8.819934431001872,2.2675905537007677,2025-12-01T20:18:32.258605
82.7898332426437,7.215751319286836,16.0,96,10000.0,68.0,6.0,2.0,14.558568881441314,1.3737614021591922,2025-12-01T20:18:32.273719
82.49515263881891,6.82013612791326,16.0,97,10000.0,68.0,6.0,2.0,13.89538989184697,1.4393262913576013,2025-12-01T20:18:32.289841
95.70832406262217,10.123417497732774,16.0,98,10000.0,68.0,6.0,2.0,26.503217004889063,0.7546253723202957,2025-12-01T20:18:32.307144
12.62208790291913,10.921617602090471,16.0,99,10000.0,68.0,6.0,2.0,10.601663050917399,1.886496477387039,2025-12-01T20:18:32.321580
160.67215396261713,5.065514533695845,16.0,100,10000.0,68.0,6.0,2.0,23.551852617257012,0.8491900966357745,2025-12-01T20:18:32.337556
138.33169087635122,4.600247141454428,16.0,101,10000.0,68.0,6.0,2.0,18.40361149537088,1.0867432191247173,2025-12-01T20:18:32.352777
87.8184867961201,5.668372472332545,16.0,102,10000.0,68.0,6.0,2.0,13.027777734573467,1.5351812417649298,2025-12-01T20:18:32.368624
106.97953962761596,10.206624121533572,16.0,103,10000.0,68.0,6.0,2.0,39.90792381881142,0.501153607759785,2025-12-01T20:18:32.389196
73.36001172246975,9.205642098799093,16.0,104,10000.0,68.0,6.0,2.0,17.81760610538836,1.1224852475525118,2025-12-01T20:18:32.408324
87.44255578476434,10.16098801401397,16.0,105,10000.0,68.0,6.0,2.0,27.187708468138624,0.7356265432755421,2025-12-01T20:18:32.428624
117.7262149883094,9.898562570906899,16.0,106,10000.0,68.0,6.0,2.0,53.24558592120714,0.3756179907494307,2025-12-01T20:18:32.449455
106.80170974845026,3.750847765765032,16.0,107,10000.0,68.0,6.0,2.0,11.234182132726325,1.7802809108584727,2025-12-01T20:18:32.466025
165.9387352080682,5.244399845544484,16.0,108,10000.0,68.0,6.0,2.0,27.873116452915884,0.7175372740893401,2025-12-01T20:18:32.485498
104.06126065797778,10.0342053745477,16.0,109,10000.0,68.0,6.0,2.0,40.56365546336407,0.4930522106929792,2025-12-01T20:18:32.503981
89.59240246862286,10.500947382503067,16.0,110,10000.0,68.0,6.0,2.0,34.05453765175586,0.5872932472177844,2025-12-01T20:18:32.524157
11.062417469501389,4.023569279482922,16.0,111,10000.0,68.0,6.0,2.0,16.76138387976769,1.1932188978823866,2025-12-01T20:18:32.542778
141.09477248537726,4.276291241885302,16.0,112,10000.0,68.0,6.0,2.0,19.27206964751018,1.0377712599530722,2025-12-01T20:18:32.560056
19.779199450330758,6.572223837243019,16.0,113,10000.0,68.0,6.0,2.0,13.305007480804303,1.5031934426835043,2025-12-01T20:18:32.575763
31.764477264980243,11.136891504712441,16.0,114,10000.0,68.0,6.0,2.0,7.753373779997269,2.5795222270332805,2025-12-01T20:18:32.595027
134.70295015711997,9.14559603684771,16.0,115,10000.0,68.0,6.0,2.0,63.09916324180523,0.31696141394707683,2025-12-01T20:18:32.612292
146.5283827512777,4.93479544000216,16.0,116,10000.0,68.0,6.0,2.0,24.160816942996423,0.8277865788721795,2025-12-01T20:18:32.628417
85.64803045795401,6.2255152320949,16.0,117,10000.0,68.0,6.0,2.0,15.490046665131286,1.2911516945278674,2025-12-01T20:18:32.643418
12.493737896027813,9.52082442979546,16.0,118,10000.0,68.0,6.0,2.0,13.579771347987728,1.4727788478532542,2025-12-01T20:18:32.661668
33.493069809474974,10.352787714112022,16.0,119,10000.0,68.0,6.0,2.0,7.532985839832374,2.6549897245585483,2025-12-01T20:18:32.679689
89.6399823766194,10.57289762464519,16.0,120,10000.0,68.0,6.0,2.0,41.45231734251322,0.48248207295007206,2025-12-01T20:18:32.696826
149.07075522021776,6.838800442224066,16.0,121,10000.0,68.0,6.0,2.0,43.19776419275048,0.46298692475747233,2025-12-01T20:18:32.714188
150.29703201927921,6.3327181438497195,16.0,122,10000.0,68.0,6.0,2.0,38.35040580682778,0.5215068675085379,2025-12-01T20:18:32.732422
34.06372686748239,9.517370463216892,16.0,123,10000.0,68.0,6.0,2.0,7.2849406076878775,2.745389575159169,2025-12-01T20:18:32.750461
160.9349680501811,8.667073075946558,16.0,124,10000.0,68.0,6.0,2.0,106.87438710341706,0.1871355760912761,2025-12-01T20:18:32.768728
102.77886504604474,4.172309783996578,16.0,125,10000.0,68.0,6.0,2.0,12.59819878211527,1.587528530538232,2025-12-01T20:18:32.783871
34.41447587986329,3.5379188714706196,16.0,126,10000.0,68.0,6.0,2.0,16.157757759471078,1.2377955096075595,2025-12-01T20:18:32.803129
53.156198365219375,3.311379125325292,16.0,127,10000.0,68.0,6.0,2.0,14.790662429813663,1.3522044800161102,2025-12-01T20:18:32.845232
85.34174541849812,5.509811108016267,16.0,128,10000.0,68.0,6.0,2.0,13.790861520475682,1.4502357209740258,2025-12-01T20:18:32.863079
162.5506920692059,7.209095236084496,16.0,129,10000.0,68.0,6.0,2.0,66.57343725118206,0.3004201198826471,2025-12-01T20:18:32.881596
78.47945359642102,10.421101353486096,16.0,130,10000.0,68.0,6.0,2.0,34.72429455010953,0.5759656246187703,2025-12-01T20:18:32.898683
166.8792634868612,8.581152825233767,16.0,131,10000.0,68.0,6.0,2.0,159.3895270995741,0.12547875863578895,2025-12-01T20:18:32.918282
39.03063003908218,5.25581521018034,16.0,132,10000.0,68.0,6.0,2.0,13.030233835152924,1.5348918717056377,2025-12-01T20:18:32.936923
51.9955949025795,10.042069330991232,16.0,133,10000.0,68.0,6.0,2.0,15.48128174516569,1.2918826960981677,2025-12-01T20:18:32.954232
133.22471860981187,7.815773219621363,16.0,134,10000.0,68.0,6.0,2.0,58.12739952917183,0.34407181745611715,2025-12-01T20:18:32.972642
30.035943110093157,9.694770406500602,16.0,135,10000.0,68.0,6.0,2.0,8.490042944426088,2.355700687371725,2025-12-01T20:18:32.989977
31.34022195598339,4.180178696769996,16.0,136,10000.0,68.0,6.0,2.0,16.445959841229502,1.2161041491698545,2025-12-01T20:18:33.006723
38.0052487590976,11.127646505864307,16.0,137,10000.0,68.0,6.0,2.0,11.15083806819524,1.7935871615824652,2025-12-01T20:18:33.023661
157.7697208105169,9.568744352740179,16.0,138,10000.0,68.0,6.0,2.0,2777.6496403328524,0.007200332147579042,2025-12-01T20:18:33.101192
78.16940856250899,4.491400455841186,16.0,139,10000.0,68.0,6.0,2.0,8.880542426769958,2.25211468386334,2025-12-01T20:18:33.118350
47.9263996743906,9.825530426442283,16.0,140,10000.0,68.0,6.0,2.0,13.446955190243035,1.4873255482037884,2025-12-01T20:18:33.135093
76.70441261198432,8.678033473326245,16.0,141,10000.0,68.0,6.0,2.0,24.11303197412307,0.8294270094886045,2025-12-01T20:18:33.150623
164.41284280921644,8.258680409467033,16.0,142,10000.0,68.0,6.0,2.0,244.67102967815143,0.08174241154054356,2025-12-01T20:18:33.171593
148.86262709364786,6.016225027304934,16.0,143,10000.0,68.0,6.0,2.0,41.466460377762466,0.48231751197952627,2025-12-01T20:18:33.188408
115.83648826878336,8.238818833451433,16.0,144,10000.0,68.0,6.0,2.0,56.26550523431308,0.3554575741693181,2025-12-01T20:18:33.206513
20.18558363228614,11.011039207540481,16.0,145,10000.0,68.0,6.0,2.0,10.937776959490009,1.8285251266389446,2025-12-01T20:18:33.220249
153.78457796534386,5.567341270001842,16.0,146,10000.0,68.0,6.0,2.0,38.11645305722834,0.5247077940324574,2025-12-01T20:18:33.238571
12.08126648080293,9.132317421442995,16.0,147,10000.0,68.0,6.0,2.0,16.82743036852719,1.1885355970574423,2025-12-01T20:18:33.253863
172.91125999319257,4.734487761658759,16.0,148,10000.0,68.0,6.0,2.0,35.092278509362615,0.5699259452378962,2025-12-01T20:18:33.269711
177.6353654147176,10.965190487086838,16.0,149,10000.0,68.0,6.0,2.0,4034.621945658132,0.004957093940740358,2025-12-01T20:18:33.309006
48.64980637438781,5.162974758773259,16.0,150,10000.0,68.0,6.0,2.0,11.949409544664832,1.6737228668281432,2025-12-01T20:18:33.323872
31.412429506228182,3.6810328788280486,16.0,151,10000.0,68.0,6.0,2.0,18.353534481511016,1.089708362176648,2025-12-01T20:18:33.341509
135.50908682243295,4.210368960794137,16.0,152,10000.0,68.0,6.0,2.0,20.69660850114803,0.9663419008428656,2025-12-01T20:18:33.377282
100.02599802869966,6.006429759434191,16.0,153,10000.0,68.0,6.0,2.0,20.972728158115153,0.9536193789009387,2025-12-01T20:18:33.407138
71.75628958186587,8.957353064316063,16.0,154,10000.0,68.0,6.0,2.0,23.45652201433304,0.8526413245654687,2025-12-01T20:18:33.432295
155.508403610658,4.143415909809102,16.0,155,10000.0,68.0,6.0,2.0,24.820000744031674,0.8058017486082988,2025-12-01T20:18:33.467357
79.30278626668034,4.871894742217078,16.0,156,10000.0,68.0,6.0,2.0,10.350457845606226,1.9322816727851329,2025-12-01T20:18:33.491916
120.54398445840069,8.127164546578484,16.0,157,10000.0,68.0,6.0,2.0,73.97458930556836,0.270363109653581,2025-12-01T20:18:33.520765
82.45933906147725,7.095577891602709,16.0,158,10000.0,68.0,6.0,2.0,19.80972042962568,1.0096053637430316,2025-12-01T20:18:33.539249
125.05981143282567,10.567552990901937,16.0,159,10000.0,68.0,6.0,2.0,2284.980868010799,0.008752808515815318,2025-12-01T20:18:33.582980
150.53237045910979,9.636904759790422,16.0,160,10000.0,68.0,6.0,2.0,2540.7126684703035,0.007871807091055864,2025-12-01T20:18:33.631741
178.5722235201946,10.165635538920608,16.0,161,10000.0,68.0,6.0,2.0,3301.9460359547093,0.006057034179911209,2025-12-01T20:18:33.675805
123.31547950066782,7.009903935813313,16.0,162,10000.0,68.0,6.0,2.0,44.46748580043637,0.4497668271544989,2025-12-01T20:18:33.695225
33.62629999823845,11.180306034725747,16.0,163,10000.0,68.0,6.0,2.0,9.123916879948197,2.1920410129945807,2025-12-01T20:18:33.716878
38.216016486634686,8.647167022171928,16.0,164,10000.0,68.0,6.0,2.0,7.398194094019601,2.7033624349173517,2025-12-01T20:18:33.737845
154.92513928102983,3.5563546988709915,16.0,165,10000.0,68.0,6.0,2.0,20.4436815253576,0.9782973763895082,2025-12-01T20:18:33.759247
66.40196966297191,7.376409790570798,16.0,166,10000.0,68.0,6.0,2.0,14.765780988862138,1.3544830452981826,2025-12-01T20:18:33.778082
175.28356677566958,10.78174593718677,16.0,167,10000.0,68.0,6.0,2.0,3193.187907054748,0.0062633332525824,2025-12-01T20:18:33.826677
11.177109316293325,3.8176661262185063,16.0,168,10000.0,68.0,6.0,2.0,28.944199137467763,0.6909847429190171,2025-12-01T20:18:33.858919
33.08010783963746,6.401478046425343,16.0,169,10000.0,68.0,6.0,2.0,12.715151615386839,1.5729265843592168,2025-12-01T20:18:33.876047
108.08340296621891,10.53148709783143,16.0,170,10000.0,68.0,6.0,2.0,1618.9188599064823,0.012353923655664442,2025-12-01T20:18:33.929505
73.92724784372024,10.705462845123167,16.0,171,10000.0,68.0,6.0,2.0,44.8008748661886,0.44641985362419967,2025-12-01T20:18:33.949507
16.377145336325732,5.710571120389552,16.0,172,10000.0,68.0,6.0,2.0,19.478728575935005,1.026761059995928,2025-12-01T20:18:33.965345
164.34968389611925,3.402326415563858,16.0,173,10000.0,68.0,6.0,2.0,20.893362277512924,0.9572418136608664,2025-12-01T20:18:33.981011
154.14877599933874,9.566934370752579,16.0,174,10000.0,68.0,6.0,2.0,2104.263143987654,0.009504514707271488,2025-12-01T20:18:34.027425
157.89296772797493,8.530886629059985,16.0,175,10000.0,68.0,6.0,2.0,1844.3970589356645,0.01084365207757449,2025-12-01T20:18:34.075994
68.66213080049789,8.63998433276194,16.0,176,10000.0,68.0,6.0,2.0,19.45458601581915,1.0280352398009065,2025-12-01T20:18:34.095798
172.38584830716144,5.802547275031993,16.0,177,10000.0,68.0,6.0,2.0,57.560868067190185,0.34745827628336345,2025-12-01T20:18:34.113111
158.0561808340127,9.704481690879668,16.0,178,10000.0,68.0,6.0,2.0,2037.523089254271,0.009815839685684228,2025-12-01T20:18:34.161665
123.0072348283247,4.536954428583021,16.0,179,10000.0,68.0,6.0,2.0,19.01527757517143,1.0517858559222053,2025-12-01T20:18:34.175753
21.47902163598723,10.812520550995469,16.0,180,10000.0,68.0,6.0,2.0,10.320556922239694,1.937879917788365,2025-12-01T20:18:34.191907
10.840821655415839,6.913905239031554,16.0,181,10000.0,68.0,6.0,2.0,20.609901245186,0.9704073669286282,2025-12-01T20:18:34.208535
117.1612214358428,8.91973506834545,16.0,182,10000.0,68.0,6.0,2.0,201.4036995914294,0.09930304180396042,2025-12-01T20:18:34.231293
89.33637936122555,6.093662999987921,16.0,183,10000.0,68.0,6.0,2.0,17.434831339112794,1.1471289633374646,2025-12-01T20:18:34.247691
126.67396852026157,5.803066984585611,16.0,184,10000.0,68.0,6.0,2.0,28.617626299652272,0.6988699828064712,2025-12-01T20:18:34.262708
88.3594128289451,8.203992783980297,16.0,185,10000.0,68.0,6.0,2.0,29.406723738397684,0.6801165671470263,2025-12-01T20:18:34.279878
177.79293292740707,4.018245603412748,16.0,186,10000.0,68.0,6.0,2.0,28.25564404150617,0.7078231864267887,2025-12-01T20:18:34.295002
153.3002888531485,10.091722414369723,16.0,187,10000.0,68.0,6.0,2.0,2273.4177275070797,0.008797327371037542,2025-12-01T20:18:34.336212
65.4813544337525,9.1128163749947,16.0,188,10000.0,68.0,6.0,2.0,19.96930009207324,1.001537355229538,2025-12-01T20:18:34.352146
166.32948693639275,4.630175509529516,16.0,189,10000.0,68.0,6.0,2.0,31.59036024220887,0.6331045245022997,2025-12-01T20:18:34.369652
170.00361932267674,7.4791044853747355,16.0,190,10000.0,68.0,6.0,2.0,1873.4262807323585,0.010675626901199237,2025-12-01T20:18:34.451861
32.06984189002044,4.399706773451176,16.0,191,10000.0,68.0,6.0,2.0,16.44597677939045,1.2161028966709557,2025-12-01T20:18:34.485063
166.55741664081447,3.827822241017622,16.0,192,10000.0,68.0,6.0,2.0,24.655480239071068,0.8111786834436258,2025-12-01T20:18:34.508572
14.174755386310796,5.093454275585897,16.0,193,10000.0,68.0,6.0,2.0,22.5680511133566,0.8862085564917596,2025-12-01T20:18:34.528536
173.34594079392267,3.3431835066213798,16.0,194,10000.0,68.0,6.0,2.0,22.39230070233338,0.8931641400258576,2025-12-01T20:18:34.548348
65.24736877872397,4.901824179154595,16.0,195,10000.0,68.0,6.0,2.0,9.648143352735701,2.0729376905795105,2025-12-01T20:18:34.569438
173.738825992066,9.887180196588968,16.0,196,10000.0,68.0,6.0,2.0,2974.4458078345565,0.00672394163219276,2025-12-01T20:18:34.614034
139.64404684175608,6.761004272516894,16.0,197,10000.0,68.0,6.0,2.0,56.05013336997114,0.3568234149950301,2025-12-01T20:18:34.634025
34.887015537655536,6.636324997081097,16.0,198,10000.0,68.0,6.0,2.0,11.99034476839606,1.668008750900612,2025-12-01T20:18:34.653546
47.599847737847604,9.802212351838605,16.0,199,10000.0,68.0,6.0,2.0,13.468717980659122,1.484922323618306,2025-12-01T20:18:34.670546
166.3961621850758,7.691378803124531,16.0,200,10000.0,68.0,6.0,2.0,668.5210571906127,0.029916783899145722,2025-12-01T20:18:34.708336
83.52990525398934,8.20586847123742,16.0,201,10000.0,68.0,6.0,2.0,26.63764026061835,0.7508172572466346,2025-12-01T20:18:34.752101
20.121129330869287,10.597541596944003,16.0,202,10000.0,68.0,6.0,2.0,11.499549604599876,1.7391985501762524,2025-12-01T20:18:34.778014
62.78852209141105,6.515964997463275,16.0,203,10000.0,68.0,6.0,2.0,10.97447330937976,1.822410919976107,2025-12-01T20:18:34.795115
30.948470739321355,9.346598860851842,16.0,204,10000.0,68.0,6.0,2.0,8.801738999259026,2.2722782397528145,2025-12-01T20:18:34.810112
17.796852187091595,9.844639170402136,16.0,205,10000.0,68.0,6.0,2.0,13.242297632643258,1.5103119228115292,2025-12-01T20:18:34.825772
165.15271579699873,5.965663390993945,16.0,206,10000.0,68.0,6.0,2.0,55.07476820477532,0.3631426994960258,2025-12-01T20:18:34.842689
36.27629600669836,3.5262097814362416,16.0,207,10000.0,68.0,6.0,2.0,17.73821833235534,1.127508954127544,2025-12-01T20:18:34.860492
33.981312907730675,8.447093558279335,16.0,208,10000.0,68.0,6.0,2.0,9.181162864578626,2.178373294864529,2025-12-01T20:18:34.875936
134.68856664236665,10.052268421921466,16.0,209,10000.0,68.0,6.0,2.0,2543.18525464329,0.007864153806131289,2025-12-01T20:18:34.923901
23.786140698227417,9.264549064085674,16.0,210,10000.0,68.0,6.0,2.0,11.545589280502245,1.7322632491158545,2025-12-01T20:18:34.938797
95.82323559958427,8.415089562874371,16.0,211,10000.0,68.0,6.0,2.0,37.84013869884665,0.5285392889061897,2025-12-01T20:18:34.957108
123.49904367599302,9.615646989975186,16.0,212,10000.0,68.0,6.0,2.0,298.60882496767323,0.06697725695871566,2025-12-01T20:18:34.983464
41.422629939929585,6.2343063303496065,16.0,213,10000.0,68.0,6.0,2.0,11.119374812846209,1.79866227522918,2025-12-01T20:18:35.000631
63.38935254083894,7.149423895273532,16.0,214,10000.0,68.0,6.0,2.0,12.988369997614845,1.5398391024949825,2025-12-01T20:18:35.015202
150.93293629210598,4.5183841102258935,16.0,215,10000.0,68.0,6.0,2.0,26.224683997534125,0.762640266776163,2025-12-01T20:18:35.030698
152.15759105720804,11.006447451614791,16.0,216,10000.0,68.0,6.0,2.0,3482.180312586608,0.005743527963703793,2025-12-01T20:18:35.073965
179.87170394108279,6.400783728185517,16.0,217,10000.0,68.0,6.0,2.0,76.52722547354537,0.2613448988414428,2025-12-01T20:18:35.091908
62.18603733797679,7.694362604678657,16.0,218,10000.0,68.0,6.0,2.0,14.046931867631123,1.4237984627865077,2025-12-01T20:18:35.109577
123.53143363600391,8.253689121195569,16.0,219,10000.0,68.0,6.0,2.0,65.24879311718337,0.3065190794269721,2025-12-01T20:18:35.127392
53.26850535085469,8.706346633622223,16.0,220,10000.0,68.0,6.0,2.0,13.170794340505724,1.518511297264099,2025-12-01T20:18:35.141884
16.850047318229635,8.408457647227767,16.0,221,10000.0,68.0,6.0,2.0,14.759216378083751,1.3550854928652167,2025-12-01T20:18:35.157812
10.641287721862083,3.8730584989252637,16.0,222,10000.0,68.0,6.0,2.0,23.933662696333485,0.8356430962430125,2025-12-01T20:18:35.173923
168.29960058019114,8.162519841255481,16.0,223,10000.0,68.0,6.0,2.0,171.24856500803597,0.11678929980558661,2025-12-01T20:18:35.192844
37.09336029722158,7.5149075749059495,16.0,224,10000.0,68.0,6.0,2.0,9.67856734606193,2.066421535842049,2025-12-01T20:18:35.207697
111.45992822892157,10.763026069070701,16.0,225,10000.0,68.0,6.0,2.0,148.5186983784844,0.13466317856511298,2025-12-01T20:18:35.229357
121.2652504249864,9.428812337445184,16.0,226,10000.0,68.0,6.0,2.0,90.81510014153704,0.22022769306898987,2025-12-01T20:18:35.246341
140.43984919160516,6.793446005125231,16.0,227,10000.0,68.0,6.0,2.0,44.32280832798836,0.4512349454935299,2025-12-01T20:18:35.261851
96.81444345797581,5.48058106733329,16.0,228,10000.0,68.0,6.0,2.0,16.866140533918497,1.1858077406493315,2025-12-01T20:18:35.277631
135.60752886835775,6.424719704500344,16.0,229,10000.0,68.0,6.0,2.0,36.1659920848202,0.5530057063855442,2025-12-01T20:18:35.295114
11.49869740263601,4.6194778190947074,16.0,230,10000.0,68.0,6.0,2.0,20.614354012436266,0.9701977557935778,2025-12-01T20:18:35.311453
72.67226634126745,9.246765406512727,16.0,231,10000.0,68.0,6.0,2.0,22.904240028845944,0.8732007687140765,2025-12-01T20:18:35.327097
177.821834174498,9.526859857856572,16.0,232,10000.0,68.0,6.0,2.0,620.8381548759669,0.03221451491491477,2025-12-01T20:18:35.355148
104.51576379555904,7.75150044574237,16.0,233,10000.0,68.0,6.0,2.0,31.176804547759502,0.6415025622450228,2025-12-01T20:18:35.371821
41.19633274839082,7.311957164163237,16.0,234,10000.0,68.0,6.0,2.0,8.812591112963728,2.2694800818092054,2025-12-01T20:18:35.385073
103.29799217762951,5.045371914327264,16.0,235,10000.0,68.0,6.0,2.0,16.251507368281935,1.2306550738200444,2025-12-01T20:18:35.401037
160.0310191609756,3.0419233232678806,16.0,236,10000.0,68.0,6.0,2.0,16.93364214136122,1.181080823194501,2025-12-01T20:18:35.415385
28.98291714063188,5.906910919782469,16.0,237,10000.0,68.0,6.0,2.0,13.28579457424081,1.5053672468169152,2025-12-01T20:18:35.431176
19.614698900486776,7.4941122440874395,16.0,238,10000.0,68.0,6.0,2.0,13.485438280762372,1.4830812008928893,2025-12-01T20:18:35.446484
55.27841446764723,8.053804413988388,16.0,239,10000.0,68.0,6.0,2.0,11.671959197891095,1.7135083888584555,2025-12-01T20:18:35.462241
62.70265947045886,5.464212959370661,16.0,240,10000.0,68.0,6.0,2.0,8.38671341338487,2.3847243865613406,2025-12-01T20:18:35.477529
42.14532105460164,6.620707777320303,16.0,241,10000.0,68.0,6.0,2.0,9.609866902408697,2.08119427699743,2025-12-01T20:18:35.490871
31.943651875813252,3.5870479860815387,16.0,242,10000.0,68.0,6.0,2.0,15.383407325628365,1.3001020890008228,2025-12-01T20:18:35.507926
55.00976539742111,11.060125476781858,16.0,243,10000.0,68.0,6.0,2.0,17.572936567315235,1.138113708166396,2025-12-01T20:18:35.521333
28.79405104446738,3.6798432023997676,16.0,244,10000.0,68.0,6.0,2.0,15.322281312081069,1.3052886572595894,2025-12-01T20:18:35.539906
147.6755842622679,6.501766307232731,16.0,245,10000.0,68.0,6.0,2.0,35.43586081765778,0.5644000043603836,2025-12-01T20:18:35.555473
172.23884633808885,6.998191982339016,16.0,246,10000.0,68.0,6.0,2.0,52.33476479624581,0.3821551520841971,2025-12-01T20:18:35.571763
115.28974491601664,10.428397155222157,16.0,247,10000.0,68.0,6.0,2.0,71.68998457287051,0.2789789971243564,2025-12-01T20:18:35.590038
34.36569897675618,4.335097030512716,16.0,248,10000.0,68.0,6.0,2.0,13.472764280479312,1.4844763541939199,2025-12-01T20:18:35.603933
172.93115600173195,10.227136263972188,16.0,249,10000.0,68.0,6.0,2.0,2988.0597912839744,0.006693306492172289,2025-12-01T20:18:35.665399
33.43454368446625,4.993225879116233,16.0,250,10000.0,68.0,6.0,2.0,12.576476270928852,1.5902705630058707,2025-12-01T20:18:35.680985
64.34441365588623,4.990196703921848,16.0,251,10000.0,68.0,6.0,2.0,9.119709739937186,2.1930522538908956,2025-12-01T20:18:35.695398
109.98028066136924,10.181969274328509,16.0,252,10000.0,68.0,6.0,2.0,46.83748827799131,0.4270083801525688,2025-12-01T20:18:35.716877
80.57424404980236,5.428421766247076,16.0,253,10000.0,68.0,6.0,2.0,11.409853489594408,1.7528708864000453,2025-12-01T20:18:35.732522
29.310533437914437,4.02337775871667,16.0,254,10000.0,68.0,6.0,2.0,13.477031992469861,1.4840062716460696,2025-12-01T20:18:35.749733
19.57630663885254,8.303117466379305,16.0,255,10000.0,68.0,6.0,2.0,11.215382106021226,1.7832651452207373,2025-12-01T20:18:35.766923
167.5390069721879,4.134360806393517,16.0,256,10000.0,68.0,6.0,2.0,21.61542219187471,0.9252652954203249,2025-12-01T20:18:35.782749
123.3139369858608,9.857573548858513,16.0,257,10000.0,68.0,6.0,2.0,65.0157045685436,0.3076179844965728,2025-12-01T20:18:35.800889
109.07368080076415,4.576320510417412,16.0,258,10000.0,68.0,6.0,2.0,13.82680903856979,1.4464653373175356,2025-12-01T20:18:35.817884
119.73022174369211,8.075633342135141,16.0,259,10000.0,68.0,6.0,2.0,27.73409803633631,0.7211339620202053,2025-12-01T20:18:35.837884
156.38686200079283,8.680461116195296,16.0,260,10000.0,68.0,6.0,2.0,82.71918696399868,0.24178187351750044,2025-12-01T20:18:35.857284
120.27125669163507,8.909953939799239,16.0,261,10000.0,68.0,6.0,2.0,32.08324628182924,0.6233783147850365,2025-12-01T20:18:35.873184
50.78773114743151,7.193030437159864,16.0,262,10000.0,68.0,6.0,2.0,8.176480243724281,2.446040276970113,2025-12-01T20:18:35.889143
56.86011626647683,6.123477910770626,16.0,263,10000.0,68.0,6.0,2.0,7.926949373260505,2.523038694742366,2025-12-01T20:18:35.907341
93.60740967378398,5.79292022813304,16.0,264,10000.0,68.0,6.0,2.0,13.670137579170303,1.4630430662581437,2025-12-01T20:18:35.921125
166.91915204376465,5.2874095552163345,16.0,265,10000.0,68.0,6.0,2.0,23.755510301127543,0.8419099293796568,2025-12-01T20:18:35.935064
118.08800556219467,10.715815267518643,16.0,266,10000.0,68.0,6.0,2.0,113.69127882803781,0.17591498843328807,2025-12-01T20:18:35.965449
70.05098192264492,3.6347049219090914,16.0,267,10000.0,68.0,6.0,2.0,10.47742679711737,1.9088656391760763,2025-12-01T20:18:35.980358
64.81804701444071,7.621206633007304,16.0,268,10000.0,68.0,6.0,2.0,11.164803018624623,1.79134374038099,2025-12-01T20:18:35.995082
60.661929510286015,6.8595145000544955,16.0,269,10000.0,68.0,6.0,2.0,9.38927459517271,2.130090008261401,2025-12-01T20:18:36.010731
39.5518510362412,6.131013596970371,16.0,270,10000.0,68.0,6.0,2.0,9.037027866812918,2.2131169998320903,2025-12-01T20:18:36.029180
18.305582729079138,6.72245243866495,16.0,271,10000.0,68.0,6.0,2.0,10.395530539210611,1.9239037319512033,2025-12-01T20:18:36.047707
59.972465691756874,7.010625425847133,16.0,272,10000.0,68.0,6.0,2.0,9.506301734525735,2.1038675773736935,2025-12-01T20:18:36.063709
137.4523400080355,11.159170579479214,16.0,273,10000.0,68.0,6.0,2.0,1207.9219510974735,0.01655736116214192,2025-12-01T20:18:36.117736
104.07340040783089,3.3606386843356724,16.0,274,10000.0,68.0,6.0,2.0,10.020240106495049,1.9959601553895043,2025-12-01T20:18:36.133233
34.831561193698846,9.572509694993562,16.0,275,10000.0,68.0,6.0,2.0,6.999142765198919,2.8574927917521324,2025-12-01T20:18:36.149534
59.308673527697266,9.175369160233966,16.0,276,10000.0,68.0,6.0,2.0,12.596203022372274,1.5877800607435233,2025-12-01T20:18:36.166355
55.46344068580402,7.522663593830629,16.0,277,10000.0,68.0,6.0,2.0,9.557816015901349,2.092528247742578,2025-12-01T20:18:36.182418
144.3981555297716,4.272409163698893,16.0,278,10000.0,68.0,6.0,2.0,17.62034149629276,1.1350517811591738,2025-12-01T20:18:36.197475
136.77167210061302,6.994365721051427,16.0,279,10000.0,68.0,6.0,2.0,26.230209704389566,0.7624796074982597,2025-12-01T20:18:36.216129
64.91935169526012,4.573353058807358,16.0,280,10000.0,68.0,6.0,2.0,9.612802413257612,2.080558732011048,2025-12-01T20:18:36.237401
16.310484700046747,3.785749318354033,16.0,281,10000.0,68.0,6.0,2.0,13.698511340278086,1.4600126614629638,2025-12-01T20:18:36.262362
137.25819050515935,7.71010873619136,16.0,282,10000.0,68.0,6.0,2.0,32.88370671450262,0.6082039404389727,2025-12-01T20:18:36.288471
153.02972726575413,4.887953232028852,16.0,283,10000.0,68.0,6.0,2.0,22.35260677766212,0.8947502275209719,2025-12-01T20:18:36.311133
53.21751126806563,9.775442592450123,16.0,284,10000.0,68.0,6.0,2.0,12.84263050067202,1.557313355620833,2025-12-01T20:18:36.333428
36.69913097143134,7.3506417878186365,16.0,285,10000.0,68.0,6.0,2.0,9.061532544306267,2.2071321713198304,2025-12-01T20:18:36.351032
112.2826222280804,7.02692919947105,16.0,286,10000.0,68.0,6.0,2.0,22.931364672777008,0.8721678925521175,2025-12-01T20:18:36.367818
159.28043286384835,3.8999373502821157,16.0,287,10000.0,68.0,6.0,2.0,19.79073289893338,1.0105739945122445,2025-12-01T20:18:36.386094
108.05428151229466,8.583446565356986,16.0,288,10000.0,68.0,6.0,2.0,30.518781763857476,0.6553341530717792,2025-12-01T20:18:36.402561
158.62251698423836,8.445863783512733,16.0,289,10000.0,68.0,6.0,2.0,74.65699312245575,0.2678918499596562,2025-12-01T20:18:36.419869
100.15381677321,8.20152956651329,16.0,290,10000.0,68.0,6.0,2.0,25.621016880227412,0.7806091418422453,2025-12-01T20:18:36.436097
48.99150187401413,6.403960304341462,16.0,291,10000.0,68.0,6.0,2.0,8.569448947740456,2.3338723553833045,2025-12-01T20:18:36.451818
37.22252428569539,5.4580044028154475,16.0,292,10000.0,68.0,6.0,2.0,11.728338987011785,1.7052713109800484,2025-12-01T20:18:36.466164
145.02715708314287,6.649643890202381,16.0,293,10000.0,68.0,6.0,2.0,34.644217043478086,0.5772969259169642,2025-12-01T20:18:36.483526
148.7762188457851,4.385819734785816,16.0,294,10000.0,68.0,6.0,2.0,21.47920281501514,0.9311332535125049,2025-12-01T20:18:36.500900
50.194549334679806,8.501965109333806,16.0,295,10000.0,68.0,6.0,2.0,10.602329494563845,1.8863778955610315,2025-12-01T20:18:36.515121
95.53572831849216,7.813935496786511,16.0,296,10000.0,68.0,6.0,2.0,23.925005265509157,0.8359454795536645,2025-12-01T20:18:36.536214
48.001591164296656,8.994349206468655,16.0,297,10000.0,68.0,6.0,2.0,10.841252596508443,1.8448052770619183,2025-12-01T20:18:36.556277
108.30099660906838,3.653294322352244,16.0,298,10000.0,68.0,6.0,2.0,11.370326615264206,1.7589644235153987,2025-12-01T20:18:36.575955
174.48053240250204,6.034505638725577,16.0,299,10000.0,68.0,6.0,2.0,43.45266361572827,0.46027097848060883,2025-12-01T20:18:36.595256
56.78169771911683,6.418747810702111,16.0,300,10000.0,68.0,6.0,2.0,8.565275788804765,2.3350094606575285,2025-12-01T20:18:36.614301
99.16554662939487,8.300306847636513,16.0,301,10000.0,68.0,6.0,2.0,30.25207935527315,0.6611115806330139,2025-12-01T20:18:36.633864
16.738388459195797,6.186271582204862,16.0,302,10000.0,68.0,6.0,2.0,15.538702348926549,1.287108765641659,2025-12-01T20:18:36.662481
113.52747418938813,4.969072473063286,16.0,303,10000.0,68.0,6.0,2.0,18.112781712321596,1.1041926258292278,2025-12-01T20:18:36.686457
141.80031294026713,6.532901004770588,16.0,304,10000.0,68.0,6.0,2.0,37.617876601864275,0.5316621193607944,2025-12-01T20:18:36.710278
69.90579801653081,4.869679217473024,16.0,305,10000.0,68.0,6.0,2.0,8.874201971086858,2.2537237787873474,2025-12-01T20:18:36.727206
75.170245859845,6.278830003562332,16.0,306,10000.0,68.0,6.0,2.0,13.465839636955785,1.4852397280234795,2025-12-01T20:18:36.744130
29.29019896553431,7.539559373577137,16.0,307,10000.0,68.0,6.0,2.0,11.40809419140919,1.7531412052208426,2025-12-01T20:18:36.763866
153.8814087617856,8.593119376333078,16.0,308,10000.0,68.0,6.0,2.0,104.61732823660124,0.19117291883776893,2025-12-01T20:18:36.788307
61.44156011467468,5.111137637891725,16.0,309,10000.0,68.0,6.0,2.0,9.542581256195103,2.0958689753902675,2025-12-01T20:18:36.810180
39.65890293758264,9.591431663248882,16.0,310,10000.0,68.0,6.0,2.0,9.078266018483095,2.203063884587713,2025-12-01T20:18:36.827142
32.580866413691794,3.5277535233434216,16.0,311,10000.0,68.0,6.0,2.0,17.01800265414688,1.175226047759869,2025-12-01T20:18:36.846828
11.339931925279979,9.961665042494072,16.0,312,10000.0,68.0,6.0,2.0,15.321399978820622,1.3053637414104973,2025-12-01T20:18:36.867299
142.16097458885133,7.814194457483117,16.0,313,10000.0,68.0,6.0,2.0,67.23349491732942,0.2974707773943937,2025-12-01T20:18:36.885374
30.225458427721637,7.612422868836138,16.0,314,10000.0,68.0,6.0,2.0,11.339416598860488,1.7637591692336116,2025-12-01T20:18:36.905167
18.782720320021475,4.289587788797187,16.0,315,10000.0,68.0,6.0,2.0,19.316079072007128,1.0354068196471617,2025-12-01T20:18:36.925970
63.478282536858096,10.262599573125048,16.0,316,10000.0,68.0,6.0,2.0,22.87090285849085,0.8744735668611777,2025-12-01T20:18:36.946277
75.88513115459696,3.621875184774706,16.0,317,10000.0,68.0,6.0,2.0,12.123375655028434,1.6497055415176023,2025-12-01T20:18:36.965425
66.98431101353668,4.304488414398752,16.0,318,10000.0,68.0,6.0,2.0,11.091654399730315,1.8031575163833347,2025-12-01T20:18:36.983634
142.28745059150566,9.138731523754178,16.0,319,10000.0,68.0,6.0,2.0,206.4868467197575,0.09685846976560139,2025-12-01T20:18:37.006519
72.88211792905,9.425587431873485,16.0,320,10000.0,68.0,6.0,2.0,25.690077592815367,0.7785106887179396,2025-12-01T20:18:37.025177
58.327801168649884,7.796817267651015,16.0,321,10000.0,68.0,6.0,2.0,12.863715244245755,1.5547607841324438,2025-12-01T20:18:37.043471
92.16165983856477,10.871949920132082,16.0,322,10000.0,68.0,6.0,2.0,85.73965660920621,0.23326428855620726,2025-12-01T20:18:37.064052
87.00236696534779,8.335699784999644,16.0,323,10000.0,68.0,6.0,2.0,28.65938824186889,0.6978516021071841,2025-12-01T20:18:37.084132
117.85267007980677,7.198521503318843,16.0,324,10000.0,68.0,6.0,2.0,39.069701303509014,0.5119056284723558,2025-12-01T20:18:37.102954
114.91902959578105,11.053564056262857,16.0,325,10000.0,68.0,6.0,2.0,2447.493748607918,0.008171624549143618,2025-12-01T20:18:37.177621
169.44898534994192,3.00482040680577,16.0,326,10000.0,68.0,6.0,2.0,19.078289915379454,1.0483119864887647,2025-12-01T20:18:37.190927
177.6212503871384,6.709144395494523,16.0,327,10000.0,68.0,6.0,2.0,97.52182890428568,0.2050822900340529,2025-12-01T20:18:37.208591
115.69554238027767,3.1547443009682055,16.0,328,10000.0,68.0,6.0,2.0,10.594193234372316,1.887826619502373,2025-12-01T20:18:37.224330
87.08492573552854,9.274988211320366,16.0,329,10000.0,68.0,6.0,2.0,39.57651470499505,0.5053502095644554,2025-12-01T20:18:37.241361
96.76739955877436,9.681367420422767,16.0,330,10000.0,68.0,6.0,2.0,67.99039745156708,0.29415918643874656,2025-12-01T20:18:37.258245
136.05063542989632,9.380155967774538,16.0,331,10000.0,68.0,6.0,2.0,2354.3682362489803,0.008494847871318694,2025-12-01T20:18:37.323758
169.93221245331586,3.6811064569787257,16.0,332,10000.0,68.0,6.0,2.0,24.45644858186659,0.8177802240194901,2025-12-01T20:18:37.350455
143.50270090974902,9.975502021545662,16.0,333,10000.0,68.0,6.0,2.0,2683.6523994318427,0.0074525299939121065,2025-12-01T20:18:37.396666
170.8958487559253,9.077370894114758,16.0,334,10000.0,68.0,6.0,2.0,2939.275470146978,0.006804397955595466,2025-12-01T20:18:37.439892
29.49190811045844,6.136345367737784,16.0,335,10000.0,68.0,6.0,2.0,14.13243031621872,1.4151847596267653,2025-12-01T20:18:37.456665
165.74392233117058,9.252866356721476,16.0,336,10000.0,68.0,6.0,2.0,2842.7733277883076,0.007035383301404514,2025-12-01T20:18:37.500337
100.90162409792809,7.689716634510834,16.0,337,10000.0,68.0,6.0,2.0,34.64930831990209,0.5772120994551649,2025-12-01T20:18:37.517828
27.814412752999992,5.8205939338177926,16.0,338,10000.0,68.0,6.0,2.0,15.078487154162614,1.3263930124766354,2025-12-01T20:18:37.532905
167.11856448899363,8.267110155579353,16.0,339,10000.0,68.0,6.0,2.0,2416.0060603931925,0.008278124930177164,2025-12-01T20:18:37.582249
127.21278119979493,9.809921592654693,16.0,340,10000.0,68.0,6.0,2.0,2095.7157519826887,0.009543278939941472,2025-12-01T20:18:37.631416
125.5082834076774,5.939394841578732,16.0,341,10000.0,68.0,6.0,2.0,30.475327193557835,0.6562685897668653,2025-12-01T20:18:37.649517
41.11995982922269,7.652192049325582,16.0,342,10000.0,68.0,6.0,2.0,8.3954058865648,2.3822552798794487,2025-12-01T20:18:37.664328
99.94714612115203,10.717824685898936,16.0,343,10000.0,68.0,6.0,2.0,1650.0783080847882,0.012120636882508678,2025-12-01T20:18:37.733644
157.7395972150768,8.788605590356187,16.0,344,10000.0,68.0,6.0,2.0,2282.923214530987,0.008760697632184218,2025-12-01T20:18:37.779512
102.85960530521339,7.055576632479158,16.0,345,10000.0,68.0,6.0,2.0,29.370043578129792,0.6809659627094619,2025-12-01T20:18:37.795411
80.34988746527067,4.8789577585048,16.0,346,10000.0,68.0,6.0,2.0,10.621509767147554,1.8829714831934927,2025-12-01T20:18:37.808378
161.87477768332616,4.198941134606775,16.0,347,10000.0,68.0,6.0,2.0,26.51617224846412,0.7542566782488166,2025-12-01T20:18:37.825953
22.58776041258362,8.85719716177401,16.0,348,10000.0,68.0,6.0,2.0,12.378088395287703,1.6157583757128389,2025-12-01T20:18:37.842266
93.20598043163731,11.199812779373005,16.0,349,10000.0,68.0,6.0,2.0,1464.8843298107668,0.013652955112560726,2025-12-01T20:18:37.907939
161.0865008417095,4.166925627642828,16.0,350,10000.0,68.0,6.0,2.0,25.907012734259556,0.7719917462174983,2025-12-01T20:18:37.925473
150.2440913341106,9.753718186199304,16.0,351,10000.0,68.0,6.0,2.0,2202.5516238183723,0.009080377405787083,2025-12-01T20:18:37.967010
132.17501227145772,7.6249480407489205,16.0,352,10000.0,68.0,6.0,2.0,86.54982786640599,0.2310807599856929,2025-12-01T20:18:37.985840
49.59107775042095,7.145801723521538,16.0,353,10000.0,68.0,6.0,2.0,8.092043591669599,2.4715635517076446,2025-12-01T20:18:37.998588
177.3486027960967,6.584942276360605,16.0,354,10000.0,68.0,6.0,2.0,135.5866571594351,0.14750713985434558,2025-12-01T20:18:38.019005
117.48775981636653,5.596096964722497,16.0,355,10000.0,68.0,6.0,2.0,23.687717654799265,0.8443194186734105,2025-12-01T20:18:38.034191
23.037117626323884,10.03050922665868,16.0,356,10000.0,68.0,6.0,2.0,10.6755686578556,1.8734365016970813,2025-12-01T20:18:38.049165
81.84022606760449,4.29908148691602,16.0,357,10000.0,68.0,6.0,2.0,9.031653881348937,2.214433841547177,2025-12-01T20:18:38.064017
93.55702209501491,7.899437276798648,16.0,358,10000.0,68.0,6.0,2.0,30.029560296138293,0.6660104178272612,2025-12-01T20:18:38.079542
33.50300806379586,4.7110923711615555,16.0,359,10000.0,68.0,6.0,2.0,14.998169493474037,1.3334960648832743,2025-12-01T20:18:38.094044
50.0,12.0,16.0,0,10000.0,68.0,6.0,2.0,20.071758432871462,0.9964249055153064,2025-12-01T20:18:38.685077
50.0,12.0,16.0,0,10000.0,68.0,6.0,2.0,20.071758432871462,0.9964249055153064,2025-12-01T20:18:41.440556
50.0,12.0,16.0,0,10000.0,68.0,6.0,2.0,20.071758432871462,0.9964249055153064,2025-12-01T20:18:43.481974
50.0,12.0,16.0,0,10000.0,68.0,6.0,2.0,20.071758432871462,0.9964249055153064,2025-12-01T20:18:45.463810
50.0,12.0,16.0,0,10000.0,68.0,6.0,2.0,20.071758432871462,0.9964249055153064,2025-12-01T20:18:56.697932
50.0,12.0,16.0,0,10000.0,68.0,6.0,2.0,20.071758432871462,0.9964249055153064,2025-12-01T20:19:02.954182
50.0,12.0,16.0,0,10000.0,68.0,6.0,2.0,20.071758432871462,0.9964249055153064,2025-12-01T20:20:13.192044
50.0,12.0,16.0,0,10000.0,68.0,6.0,2.0,20.071758432871462,0.9964249055153064,2025-12-01T20:37:35.218871
19.50499056771558,7.558737025986592,16.0,0,10000.0,68.0,6.0,2.0,14.44507491770544,1.3845549513547932,2025-12-01T20:37:46.152655
135.6133852169093,9.137311800111759,16.0,1,10000.0,68.0,6.0,2.0,1525.439510904415,0.013110975464469408,2025-12-01T20:37:46.203676
82.58757537227545,4.809755443137893,16.0,2,10000.0,68.0,6.0,2.0,10.816833713795713,1.848969904611933,2025-12-01T20:37:46.224856
130.07832787789548,5.504249462117796,16.0,3,10000.0,68.0,6.0,2.0,27.1501107677334,0.7366452450635685,2025-12-01T20:37:46.255568
131.24471610763737,8.775054612188292,16.0,4,10000.0,68.0,6.0,2.0,1475.4799998713656,0.013554910945416832,2025-12-01T20:37:46.327279
115.72040438537302,8.028413640704397,16.0,5,10000.0,68.0,6.0,2.0,63.862170541290126,0.3131744478849022,2025-12-01T20:37:46.355593
176.13896959129772,9.00666992150001,16.0,6,10000.0,68.0,6.0,2.0,2303.0824376262553,0.008684013942902379,2025-12-01T20:37:46.403381
179.22471937882833,6.989120903436915,16.0,7,10000.0,68.0,6.0,2.0,367.62978239759815,0.05440255647832592,2025-12-01T20:37:46.436881
37.89126062020652,8.009130334494532,16.0,8,10000.0,68.0,6.0,2.0,8.640686131215997,2.314631002247204,2025-12-01T20:37:46.456369
80.51033745779841,7.5065501956819185,16.0,9,10000.0,68.0,6.0,2.0,20.46491643057801,0.9772822707507689,2025-12-01T20:37:46.473902
107.62420144186734,8.251573353012885,16.0,10,10000.0,68.0,6.0,2.0,55.329573042951914,0.3614703475928534,2025-12-01T20:37:46.495103
145.7659442977714,3.718712704991743,16.0,11,10000.0,68.0,6.0,2.0,19.59768153340064,1.0205288807205937,2025-12-01T20:37:46.510714
45.00566424706226,4.2156706360175,16.0,12,10000.0,68.0,6.0,2.0,14.572971294605447,1.3724037188904301,2025-12-01T20:37:46.525706
127.01227087904113,5.73182947547562,16.0,13,10000.0,68.0,6.0,2.0,28.904845574326814,0.6919255094641963,2025-12-01T20:37:46.542687
19.678847542389043,4.183715174027631,16.0,14,10000.0,68.0,6.0,2.0,21.41370563773478,0.9339812706099977,2025-12-01T20:37:46.564493
84.02206381289905,8.297841983205238,16.0,15,10000.0,68.0,6.0,2.0,27.660502577015446,0.7230526612563809,2025-12-01T20:37:46.587694
11.480837025175612,3.0511827442419857,16.0,16,10000.0,68.0,6.0,2.0,31.13012207222181,0.6424645542217935,2025-12-01T20:37:46.615711
133.9029221946535,5.278751973671447,16.0,17,10000.0,68.0,6.0,2.0,27.61833631647589,0.7241565810055284,2025-12-01T20:37:46.644945
167.9798413241943,3.751016585256507,16.0,18,10000.0,68.0,6.0,2.0,24.567040650644532,0.8140988686594324,2025-12-01T20:37:46.671890
96.0746102869085,4.6839930369531,16.0,19,10000.0,68.0,6.0,2.0,13.819586002518378,1.447221356439719,2025-12-01T20:37:46.692523
150.22687630553853,3.9226030591571712,16.0,20,10000.0,68.0,6.0,2.0,22.09145222267873,0.905327535664148,2025-12-01T20:37:46.710406
31.74594966024492,8.388704210794096,16.0,21,10000.0,68.0,6.0,2.0,10.022408897341696,1.9955282412499373,2025-12-01T20:37:46.727157
35.0027461745652,6.888829602280072,16.0,22,10000.0,68.0,6.0,2.0,11.545793141658335,1.7322326629807763,2025-12-01T20:37:46.745214
105.22038350131021,7.573072682281608,16.0,23,10000.0,68.0,6.0,2.0,36.78022731445316,0.5437704293942958,2025-12-01T20:37:46.764549
40.25494616204507,8.624098958119419,16.0,24,10000.0,68.0,6.0,2.0,7.674624774108903,2.6059905974129127,2025-12-01T20:37:46.784967
19.47587891638522,4.382213584145466,16.0,25,10000.0,68.0,6.0,2.0,20.83612344203558,0.9598714490072202,2025-12-01T20:37:46.803050
132.64919894375052,10.881706772590038,16.0,26,10000.0,68.0,6.0,2.0,2689.9043594032287,0.007435208590255276,2025-12-01T20:37:46.846087
98.03243738045437,10.468804017189877,16.0,27,10000.0,68.0,6.0,2.0,148.3060728634747,0.13485624434551166,2025-12-01T20:37:46.869252
80.5947955451498,9.188412379318397,16.0,28,10000.0,68.0,6.0,2.0,32.048904118520674,0.624046298932332,2025-12-01T20:37:46.888645
174.90112017615814,5.363518757449136,16.0,29,10000.0,68.0,6.0,2.0,46.327421942625634,0.4317097555043981,2025-12-01T20:37:46.908469
100.68080578813081,3.181771942759786,16.0,30,10000.0,68.0,6.0,2.0,11.405088169801394,1.75360327796118,2025-12-01T20:37:46.924924
37.17343153357626,4.3689729650138425,16.0,31,10000.0,68.0,6.0,2.0,15.585242447233943,1.2832652470895365,2025-12-01T20:37:46.942361
134.05896220649151,11.014408880999483,16.0,32,10000.0,68.0,6.0,2.0,2906.5649616211363,0.006880974712103115,2025-12-01T20:37:46.992301
60.43859185585135,4.579285030785599,16.0,33,10000.0,68.0,6.0,2.0,11.388708755681934,1.7561253368624263,2025-12-01T20:37:47.016605
154.45386239415458,7.202666053094179,16.0,34,10000.0,68.0,6.0,2.0,83.15176182610625,0.24052406781020025,2025-12-01T20:37:47.042577
108.50388715396018,6.659504801885982,16.0,35,10000.0,68.0,6.0,2.0,28.13168624196347,0.7109420966798073,2025-12-01T20:37:47.062828
34.2669488775719,9.233432608859696,16.0,36,10000.0,68.0,6.0,2.0,7.737004871486333,2.5849796312921103,2025-12-01T20:37:47.082360
92.77863087076021,10.079611179223612,16.0,37,10000.0,68.0,6.0,2.0,61.010490169801564,0.3278124785481469,2025-12-01T20:37:47.104617
159.39778976357593,4.922125097665148,16.0,38,10000.0,68.0,6.0,2.0,32.061945148085584,0.6237924713433738,2025-12-01T20:37:47.124768
112.34489637542754,4.226182697190261,16.0,39,10000.0,68.0,6.0,2.0,15.331558323742383,1.3044988368226136,2025-12-01T20:37:47.146086
102.23068214050257,11.112504646242368,16.0,40,10000.0,68.0,6.0,2.0,166.18273001755642,0.12034944905458644,2025-12-01T20:37:47.168014
64.3760634777002,5.163589797704123,16.0,41,10000.0,68.0,6.0,2.0,8.98570792474143,2.2257567425412965,2025-12-01T20:37:47.187204
90.54136922652263,6.1829873107245295,16.0,42,10000.0,68.0,6.0,2.0,18.263603269256663,1.0950741595261344,2025-12-01T20:37:47.207276
57.68051877668421,10.424559662331863,16.0,43,10000.0,68.0,6.0,2.0,19.85258949604678,1.0074252532135708,2025-12-01T20:37:47.229316
171.58820624126773,8.283679967332677,16.0,44,10000.0,68.0,6.0,2.0,196.99179947975549,0.1015270689075327,2025-12-01T20:37:47.252371
70.9497633338773,7.500479116257024,16.0,45,10000.0,68.0,6.0,2.0,16.36425417168026,1.222176079042558,2025-12-01T20:37:47.270170
174.67600319354895,5.534789044336045,16.0,46,10000.0,68.0,6.0,2.0,43.828864037634425,0.4563202911858872,2025-12-01T20:37:47.292272
152.25187167074978,4.890637653499361,16.0,47,10000.0,68.0,6.0,2.0,28.307344767386777,0.7065304133732188,2025-12-01T20:37:47.315811
176.33409037469946,8.940882261587111,16.0,48,10000.0,68.0,6.0,2.0,322.20237014138496,0.062072789815989994,2025-12-01T20:37:47.346423
97.62604607411839,6.955401776425603,16.0,49,10000.0,68.0,6.0,2.0,23.571828618022042,0.848470448521284,2025-12-01T20:37:47.369906
136.05381740536507,8.11424355608239,16.0,50,10000.0,68.0,6.0,2.0,63.625102960734814,0.3143413380775615,2025-12-01T20:37:47.391371
160.06143967767568,10.29035702005218,16.0,51,10000.0,68.0,6.0,2.0,1021.7922348319579,0.01957345076446893,2025-12-01T20:37:47.426136
88.42429946560975,6.603223817840478,16.0,52,10000.0,68.0,6.0,2.0,18.528080403702152,1.0794426386450557,2025-12-01T20:37:47.447609
29.73930684852753,5.96860979533308,16.0,53,10000.0,68.0,6.0,2.0,13.348405142755434,1.4983063359336661,2025-12-01T20:37:47.466385
44.270603182292845,5.064832983928746,16.0,54,10000.0,68.0,6.0,2.0,12.235852387077475,1.6345408041308502,2025-12-01T20:37:47.483947
96.28404857724092,9.14609224534064,16.0,55,10000.0,68.0,6.0,2.0,36.805267125080114,0.5434004848282015,2025-12-01T20:37:47.507017
146.21741655614508,7.370244774117398,16.0,56,10000.0,68.0,6.0,2.0,51.245657615165534,0.3902769703960486,2025-12-01T20:37:47.525065
83.69567471936814,9.714514480845082,16.0,57,10000.0,68.0,6.0,2.0,30.98911098338252,0.6453879884042082,2025-12-01T20:37:47.545932
32.60487958945893,9.450443513434589,16.0,58,10000.0,68.0,6.0,2.0,7.818985152908649,2.557876707638975,2025-12-01T20:37:47.568489
111.93066076400206,10.945043796514973,16.0,59,10000.0,68.0,6.0,2.0,88.57068395017677,0.22580834998689298,2025-12-01T20:37:47.588220
156.30488254755855,7.504560214916032,16.0,60,10000.0,68.0,6.0,2.0,56.92667226515777,0.3513291609044411,2025-12-01T20:37:47.609484
124.95448107441868,4.352527110271248,16.0,61,10000.0,68.0,6.0,2.0,17.401486866010156,1.149327074979176,2025-12-01T20:37:47.627581
44.308410073687135,7.376988778190482,16.0,62,10000.0,68.0,6.0,2.0,7.8978214386605785,2.532343907156234,2025-12-01T20:37:47.645067
160.81576752724538,7.350537578992128,16.0,63,10000.0,68.0,6.0,2.0,54.1921751375284,0.3690569708494664,2025-12-01T20:37:47.664081
95.93539254504512,3.4837200054865614,16.0,64,10000.0,68.0,6.0,2.0,10.302687722702533,1.9412410177131654,2025-12-01T20:37:47.680295
134.46917455743028,10.972441763223035,16.0,65,10000.0,68.0,6.0,2.0,762.2861465972006,0.026236866679630468,2025-12-01T20:37:47.729635
42.77799589650567,7.959322368014003,16.0,66,10000.0,68.0,6.0,2.0,7.350469430442765,2.720914655758969,2025-12-01T20:37:47.747094
157.56909834791,10.652079686864786,16.0,67,10000.0,68.0,6.0,2.0,3095.1348058662275,0.006461754092937691,2025-12-01T20:37:47.813715
46.200289543763674,6.6690441119018615,16.0,68,10000.0,68.0,6.0,2.0,8.615875039174783,2.321296433509506,2025-12-01T20:37:47.833662
141.28227738037415,9.120783125260914,16.0,69,10000.0,68.0,6.0,2.0,74.92738519513397,0.26692510285677057,2025-12-01T20:37:47.854266
117.70070676034788,4.2320574629369645,16.0,70,10000.0,68.0,6.0,2.0,14.804657332657644,1.3509262356165401,2025-12-01T20:37:47.870923
98.08310624068412,7.263995668125584,16.0,71,10000.0,68.0,6.0,2.0,20.762347778242155,0.9632821978330863,2025-12-01T20:37:47.890669
30.59156206784455,11.14757642207566,16.0,72,10000.0,68.0,6.0,2.0,7.240893135339596,2.7620902043684152,2025-12-01T20:37:47.910804
125.45678376712576,7.211297345407491,16.0,73,10000.0,68.0,6.0,2.0,28.21974383641858,0.7087236551803596,2025-12-01T20:37:47.931321
30.317699681803777,3.7315413575287453,16.0,74,10000.0,68.0,6.0,2.0,13.687909586059268,1.4611434912142764,2025-12-01T20:37:47.949608
99.92290967544871,9.405778788090153,16.0,75,10000.0,68.0,6.0,2.0,29.746550272843564,0.6723468710339344,2025-12-01T20:37:47.969791
103.62630318756808,3.379328368070125,16.0,76,10000.0,68.0,6.0,2.0,10.042345886683325,1.9915665349190017,2025-12-01T20:37:47.987859
164.3729713271893,8.282428992262684,16.0,77,10000.0,68.0,6.0,2.0,74.75638420858118,0.26753567888191454,2025-12-01T20:37:48.012679
82.83222070721217,10.042339207318168,16.0,78,10000.0,68.0,6.0,2.0,22.66685607990016,0.8823455678855704,2025-12-01T20:37:48.032615
94.0261043212444,7.579889351925669,16.0,79,10000.0,68.0,6.0,2.0,18.802006520879928,1.0637162569744714,2025-12-01T20:37:48.052627
63.55611795336276,5.585530655304794,16.0,80,10000.0,68.0,6.0,2.0,8.31985610021673,2.4038877306398367,2025-12-01T20:37:48.070083
107.45403394636323,3.1638192479053657,16.0,81,10000.0,68.0,6.0,2.0,10.441069572776932,1.915512568956166,2025-12-01T20:37:48.088555
92.4786913317374,11.161907242469017,16.0,82,10000.0,68.0,6.0,2.0,32.62937817506658,0.6129445646403033,2025-12-01T20:37:48.107642
137.1731420761283,4.23975382243441,16.0,83,10000.0,68.0,6.0,2.0,16.346138341327,1.2235305723208738,2025-12-01T20:37:48.126082
12.911530171599019,7.192976974275993,16.0,84,10000.0,68.0,6.0,2.0,11.555106476103763,1.7308364956532836,2025-12-01T20:37:48.142833
82.71713060652512,4.035067295243554,16.0,85,10000.0,68.0,6.0,2.0,9.424852737525006,2.122049071426877,2025-12-01T20:37:48.163723
70.85658126711976,8.03911482225036,16.0,86,10000.0,68.0,6.0,2.0,13.216698625069998,1.513237198437978,2025-12-01T20:37:48.180516
64.99671859043298,7.071476020239042,16.0,87,10000.0,68.0,6.0,2.0,10.551177427629193,1.8955230482266583,2025-12-01T20:37:48.198588
77.51622899761955,3.295320380539695,16.0,88,10000.0,68.0,6.0,2.0,10.725340963489868,1.8647425818985146,2025-12-01T20:37:48.216696
51.61278708371116,10.040088380381446,16.0,89,10000.0,68.0,6.0,2.0,11.140658694648758,1.7952259869164369,2025-12-01T20:37:48.233773
85.0464098771715,9.610916862010379,16.0,90,10000.0,68.0,6.0,2.0,17.676201349270876,1.1314648212482021,2025-12-01T20:37:48.250275
27.303677504560916,9.468807946798286,16.0,91,10000.0,68.0,6.0,2.0,8.057615566899313,2.4821238782053596,2025-12-01T20:37:48.269964
77.4479038752674,10.605144601885756,16.0,92,10000.0,68.0,6.0,2.0,18.216565510594798,1.0979017964922066,2025-12-01T20:37:48.287218
146.3710821571323,9.581410871392599,16.0,93,10000.0,68.0,6.0,2.0,193.520521389565,0.103348212667013,2025-12-01T20:37:48.322955
46.023409506570744,9.352489077362087,16.0,94,10000.0,68.0,6.0,2.0,9.437817816500203,2.1191339342272384,2025-12-01T20:37:48.340220
20.906455275328877,10.459957169536162,16.0,95,10000.0,68.0,6.0,2.0,8.761415627119627,2.282736129774856,2025-12-01T20:37:48.359678
128.83742458889463,9.51160798400111,16.0,96,10000.0,68.0,6.0,2.0,56.558241769302924,0.35361778185359066,2025-12-01T20:37:48.383916
174.08863732174638,3.3133569349975143,16.0,97,10000.0,68.0,6.0,2.0,17.67892467148347,1.1312905265250937,2025-12-01T20:37:48.401456
72.72243506488428,10.043638156639119,16.0,98,10000.0,68.0,6.0,2.0,17.852116886352757,1.1203153176354796,2025-12-01T20:37:48.423062
177.75534010796332,10.25320705841468,16.0,99,10000.0,68.0,6.0,2.0,1980.6521805730579,0.010097684084145174,2025-12-01T20:37:48.472874
135.97099588764394,10.827649579084152,16.0,100,10000.0,68.0,6.0,2.0,1586.4752956662255,0.012606562519210981,2025-12-01T20:37:48.537758
155.89920565202863,6.045525236135947,16.0,101,10000.0,68.0,6.0,2.0,27.19468054827729,0.7354379458326435,2025-12-01T20:37:48.556661
156.9928126426484,8.288825926083618,16.0,102,10000.0,68.0,6.0,2.0,59.63694078800881,0.3353626080702885,2025-12-01T20:37:48.574522
75.80550480580354,3.3943047296619295,16.0,103,10000.0,68.0,6.0,2.0,11.34394671394168,1.7630548260086636,2025-12-01T20:37:48.595928
158.68049611841238,4.171362197032563,16.0,104,10000.0,68.0,6.0,2.0,20.42071250651442,0.9793977557648781,2025-12-01T20:37:48.617379
169.16308325041047,9.894702785829825,16.0,105,10000.0,68.0,6.0,2.0,2211.357866937099,0.009044216813130088,2025-12-01T20:37:48.680973
34.62551294114473,8.438946479493108,16.0,106,10000.0,68.0,6.0,2.0,8.259293930288619,2.4215144985524333,2025-12-01T20:37:48.695720
160.36103732893866,9.149769633894214,16.0,107,10000.0,68.0,6.0,2.0,188.95167416248543,0.10584717012245881,2025-12-01T20:37:48.727178
124.53260160452673,7.3270972562623635,16.0,108,10000.0,68.0,6.0,2.0,29.162901524841654,0.6858028163954647,2025-12-01T20:37:48.748090
85.69450884773323,9.320736149893259,16.0,109,10000.0,68.0,6.0,2.0,24.211708960884824,0.8260466054796445,2025-12-01T20:37:48.766759
58.113858501271146,3.582544590779812,16.0,110,10000.0,68.0,6.0,2.0,12.509351014816877,1.5988039648348438,2025-12-01T20:37:48.783960
61.76456711965231,6.377683771997263,16.0,111,10000.0,68.0,6.0,2.0,9.59792087945951,2.0837846291067015,2025-12-01T20:37:48.800431
168.3744933643086,6.5721932772868765,16.0,112,10000.0,68.0,6.0,2.0,42.87007288593692,0.4665259154845242,2025-12-01T20:37:48.821231
38.963721008371564,9.406692743148415,16.0,113,10000.0,68.0,6.0,2.0,8.221328805242543,2.4326967663969947,2025-12-01T20:37:48.847014
116.08892377498893,3.2878928425666203,16.0,114,10000.0,68.0,6.0,2.0,11.10809025508405,1.8004895117633943,2025-12-01T20:37:48.876190
29.911461588965782,9.879584782375208,16.0,115,10000.0,68.0,6.0,2.0,7.985720256593206,2.5044703993340502,2025-12-01T20:37:48.894090
126.00830813953132,6.319784806852588,16.0,116,10000.0,68.0,6.0,2.0,26.612804971999783,0.751517926090191,2025-12-01T20:37:48.913429
103.30002197475358,6.465796178155649,16.0,117,10000.0,68.0,6.0,2.0,20.894743081315454,0.9571785554943936,2025-12-01T20:37:48.930775
125.71070404591266,5.250680324133345,16.0,118,10000.0,68.0,6.0,2.0,21.510151007662177,0.9297935655066186,2025-12-01T20:37:48.947737
49.1732436214242,9.683816887221312,16.0,119,10000.0,68.0,6.0,2.0,12.64776791847587,1.5813066881772857,2025-12-01T20:37:48.966065
68.54574877797049,4.1952013377024855,16.0,120,10000.0,68.0,6.0,2.0,10.778648163934124,1.8555202559557482,2025-12-01T20:37:48.985708
140.94460626152537,4.219556738232777,16.0,121,10000.0,68.0,6.0,2.0,20.05637782605438,0.9971890325090933,2025-12-01T20:37:49.005265
116.96341097636667,7.584394363121553,16.0,122,10000.0,68.0,6.0,2.0,34.68189583548534,0.5766697442051791,2025-12-01T20:37:49.026005
170.14237720567027,9.894985484880769,16.0,123,10000.0,68.0,6.0,2.0,728.2985664956086,0.027461265091094467,2025-12-01T20:37:49.063857
173.53459318608122,3.671808065425328,16.0,124,10000.0,68.0,6.0,2.0,23.221317016379075,0.8612775918735819,2025-12-01T20:37:49.082567
35.19176985235909,10.028924418726369,16.0,125,10000.0,68.0,6.0,2.0,7.832442207397193,2.553481975406266,2025-12-01T20:37:49.100381
108.60653843360204,7.673085337986114,16.0,126,10000.0,68.0,6.0,2.0,32.45684870921704,0.6162027675324017,2025-12-01T20:37:49.126315
156.2449509159864,7.499981730603481,16.0,127,10000.0,68.0,6.0,2.0,65.41579977419276,0.3057365356540396,2025-12-01T20:37:49.146685
43.51152903752591,5.4166701407609015,16.0,128,10000.0,68.0,6.0,2.0,11.797698771892525,1.695245859951017,2025-12-01T20:37:49.164027
71.60884333770046,5.026275471940405,16.0,129,10000.0,68.0,6.0,2.0,8.845284480950161,2.2610917764231817,2025-12-01T20:37:49.180493
76.6869840274861,6.686761598615359,16.0,130,10000.0,68.0,6.0,2.0,15.401123426609413,1.298606565638247,2025-12-01T20:37:49.198497
91.8654969839131,6.864719662804054,16.0,131,10000.0,68.0,6.0,2.0,20.961286205796124,0.9541399226956638,2025-12-01T20:37:49.219443
70.35083972958675,9.034354873826157,16.0,132,10000.0,68.0,6.0,2.0,21.17696366903005,0.9444224541617698,2025-12-01T20:37:49.236740
78.52069064827658,6.653965668870664,16.0,133,10000.0,68.0,6.0,2.0,16.03023758013398,1.2476421450412989,2025-12-01T20:37:49.252207
160.40973736606526,8.20032501249369,16.0,134,10000.0,68.0,6.0,2.0,123.14589268091613,0.16240898956997363,2025-12-01T20:37:49.272656
87.46282807794577,3.0438500708753446,16.0,135,10000.0,68.0,6.0,2.0,13.0106648040011,1.5372004660245728,2025-12-01T20:37:49.288942
154.32320266373483,9.05974477121254,16.0,136,10000.0,68.0,6.0,2.0,243.1934280769627,0.08223906442764012,2025-12-01T20:37:49.311259
83.38543194096987,7.172409618026269,16.0,137,10000.0,68.0,6.0,2.0,19.759342834594314,1.012179411401494,2025-12-01T20:37:49.329363
36.944518195750206,10.004596063725891,16.0,138,10000.0,68.0,6.0,2.0,8.695515059812138,2.300036267251556,2025-12-01T20:37:49.346219
10.484371243506676,10.223777142022907,16.0,139,10000.0,68.0,6.0,2.0,16.211771541186295,1.2336714682408176,2025-12-01T20:37:49.364670
101.2560104823492,5.3993530437508825,16.0,140,10000.0,68.0,6.0,2.0,18.111954450691073,1.1042430597122492,2025-12-01T20:37:49.380617
48.07145772859139,3.448329248385891,16.0,141,10000.0,68.0,6.0,2.0,15.755063520640254,1.2694331554930627,2025-12-01T20:37:49.397536
107.00824742379315,4.503092371592208,16.0,142,10000.0,68.0,6.0,2.0,15.487427891632063,1.2913700157277959,2025-12-01T20:37:49.416080
26.505776667893898,8.015400305360572,16.0,143,10000.0,68.0,6.0,2.0,12.112791170265764,1.6511470988697963,2025-12-01T20:37:49.433664
116.73334833719277,5.156648097798552,16.0,144,10000.0,68.0,6.0,2.0,21.256369089026997,0.9408944639714804,2025-12-01T20:37:49.450545
82.44097442983971,9.798125878787042,16.0,145,10000.0,68.0,6.0,2.0,39.13551369156053,0.511044780391191,2025-12-01T20:37:49.469370
85.92520518247464,8.53388488742771,16.0,146,10000.0,68.0,6.0,2.0,29.90755673316683,0.6687273112423936,2025-12-01T20:37:49.485809
129.53023661171773,10.392205407647825,16.0,147,10000.0,68.0,6.0,2.0,2601.4190390046283,0.007688111642195303,2025-12-01T20:37:49.537452
72.20736652563926,9.878104688987301,16.0,148,10000.0,68.0,6.0,2.0,29.307342431560063,0.6824228449476433,2025-12-01T20:37:49.555957
178.04145603001433,4.921127144479455,16.0,149,10000.0,68.0,6.0,2.0,39.656431232561935,0.5043318165144921,2025-12-01T20:37:49.572753
165.96625917385927,8.205888663305574,16.0,150,10000.0,68.0,6.0,2.0,953.6960496015212,0.020971042092872795,2025-12-01T20:37:49.612252
93.58343784808794,4.664908396402421,16.0,151,10000.0,68.0,6.0,2.0,13.113983683389538,1.5250895900787524,2025-12-01T20:37:49.629762
50.92332069284368,9.07917834855666,16.0,152,10000.0,68.0,6.0,2.0,13.290429492077564,1.504842263519175,2025-12-01T20:37:49.650259
139.71599846491665,7.120184779014757,16.0,153,10000.0,68.0,6.0,2.0,64.01764176015944,0.31241388233152234,2025-12-01T20:37:49.667361
113.677888244735,3.9676959879711333,16.0,154,10000.0,68.0,6.0,2.0,14.473785158090616,1.3818085443129795,2025-12-01T20:37:49.682716
71.82697862993092,4.477997578975787,16.0,155,10000.0,68.0,6.0,2.0,9.931752979188438,2.0137431973901427,2025-12-01T20:37:49.699643
121.81876193472202,10.112535132079952,16.0,156,10000.0,68.0,6.0,2.0,2151.3073842826802,0.009296672407726934,2025-12-01T20:37:49.752063
85.90211872711852,5.9963288151671,16.0,157,10000.0,68.0,6.0,2.0,16.53655691776948,1.2094416086403603,2025-12-01T20:37:49.768407
137.20490351280785,8.919227803349106,16.0,158,10000.0,68.0,6.0,2.0,2086.6496315915238,0.009584742784415443,2025-12-01T20:37:49.832285
102.2002213570195,10.847948024959631,16.0,159,10000.0,68.0,6.0,2.0,1813.777655482498,0.011026709883400584,2025-12-01T20:37:49.892690
145.64651362715543,10.637823783382755,16.0,160,10000.0,68.0,6.0,2.0,2758.7022327164113,0.007249785700976724,2025-12-01T20:37:49.936665
38.15800960192266,3.7740742712937516,16.0,161,10000.0,68.0,6.0,2.0,16.790426407976987,1.1911549780831159,2025-12-01T20:37:49.955477
172.02130581582153,5.829001123512709,16.0,162,10000.0,68.0,6.0,2.0,59.09184625884324,0.33845617062619615,2025-12-01T20:37:49.973532
15.631475922103249,3.69990915617415,16.0,163,10000.0,68.0,6.0,2.0,25.233176173378006,0.7926073143776798,2025-12-01T20:37:49.990778
153.89425262293895,4.481623326932494,16.0,164,10000.0,68.0,6.0,2.0,26.94298251146191,0.7423083168870309,2025-12-01T20:37:50.007843
98.01569334391434,7.5081043324878385,16.0,165,10000.0,68.0,6.0,2.0,30.62643907495691,0.6530305384524413,2025-12-01T20:37:50.026118
66.25990295709434,6.944569568778892,16.0,166,10000.0,68.0,6.0,2.0,13.38585197749886,1.4941148336033663,2025-12-01T20:37:50.040981
58.97672132871425,9.39164056139261,16.0,167,10000.0,68.0,6.0,2.0,17.712739472874915,1.1291308174338457,2025-12-01T20:37:50.061128
101.73254250558224,5.237049132307782,16.0,168,10000.0,68.0,6.0,2.0,17.672931924942063,1.1316741378816557,2025-12-01T20:37:50.077496
119.99930410822766,7.957795848811145,16.0,169,10000.0,68.0,6.0,2.0,71.43221585154319,0.2799857145908197,2025-12-01T20:37:50.096323
74.27365225357937,7.5853519642730545,16.0,170,10000.0,68.0,6.0,2.0,18.247335510916326,1.0960504336666115,2025-12-01T20:37:50.112452
117.24827392285475,8.006040943282077,16.0,171,10000.0,68.0,6.0,2.0,66.99972026153164,0.29850870902043364,2025-12-01T20:37:50.131397
60.7553483688832,10.635058230103589,16.0,172,10000.0,68.0,6.0,2.0,24.03556971098372,0.8321001016614324,2025-12-01T20:37:50.149356
115.37295664704817,4.46552188615114,16.0,173,10000.0,68.0,6.0,2.0,17.184046871457525,1.1638701959792566,2025-12-01T20:37:50.164752
37.08480563270899,8.689112893625815,16.0,174,10000.0,68.0,6.0,2.0,7.681633912272943,2.6036127506735265,2025-12-01T20:37:50.179877
23.007271682059013,10.37308619633695,16.0,175,10000.0,68.0,6.0,2.0,10.322403831707534,1.9375331876249213,2025-12-01T20:37:50.195596
99.55707535251386,8.669892542782762,16.0,176,10000.0,68.0,6.0,2.0,51.274254919268955,0.39005930035433756,2025-12-01T20:37:50.213025
131.427955890222,4.192885291399932,16.0,177,10000.0,68.0,6.0,2.0,19.130710715072656,1.0454394663049529,2025-12-01T20:37:50.229800
68.76467084799863,10.727608485795653,16.0,178,10000.0,68.0,6.0,2.0,33.76854858359459,0.5922670899073342,2025-12-01T20:37:50.246813
163.34031557963328,6.679587331225244,16.0,179,10000.0,68.0,6.0,2.0,95.30190721169589,0.20985938881132388,2025-12-01T20:37:50.264614
129.51573922386285,4.380417732439854,16.0,180,10000.0,68.0,6.0,2.0,19.572291648181626,1.0218527477265602,2025-12-01T20:37:50.281609
125.94125917532604,4.612408927496533,16.0,181,10000.0,68.0,6.0,2.0,20.08329514154931,0.9958525161851062,2025-12-01T20:37:50.297816
147.52078685109709,6.788863349679149,16.0,182,10000.0,68.0,6.0,2.0,68.10526456791888,0.2936630541983246,2025-12-01T20:37:50.315714
157.17148952972755,10.752923786295034,16.0,183,10000.0,68.0,6.0,2.0,2339.1823942320925,0.00854999595128434,2025-12-01T20:37:50.357948
63.17820510885625,7.7961555781074825,16.0,184,10000.0,68.0,6.0,2.0,14.529407603202628,1.3765186128849136,2025-12-01T20:37:50.374990
74.0035400882246,9.343195674958471,16.0,185,10000.0,68.0,6.0,2.0,27.11057452440371,0.7377195190753669,2025-12-01T20:37:50.391294
53.94102866896161,9.51736403869339,16.0,186,10000.0,68.0,6.0,2.0,15.399416175560924,1.2987505352144624,2025-12-01T20:37:50.407609
133.14459703899036,6.02281859953243,16.0,187,10000.0,68.0,6.0,2.0,34.64083819266284,0.5773532351834412,2025-12-01T20:37:50.424109
148.39771549817607,10.772186197928065,16.0,188,10000.0,68.0,6.0,2.0,2408.924964250674,0.008302458688754238,2025-12-01T20:37:50.465617
158.08042300501938,9.192186041246137,16.0,189,10000.0,68.0,6.0,2.0,2179.899760237859,0.009174733795015284,2025-12-01T20:37:50.510030
55.18214191019423,9.5165422949522,16.0,190,10000.0,68.0,6.0,2.0,16.116269224895735,1.2409819990537787,2025-12-01T20:37:50.525775
90.46732116284524,6.702163589417591,16.0,191,10000.0,68.0,6.0,2.0,20.80043057556212,0.9615185573849357,2025-12-01T20:37:50.542884
107.12155646878895,3.670219105099918,16.0,192,10000.0,68.0,6.0,2.0,11.552297983030149,1.7312572813979676,2025-12-01T20:37:50.558853
71.05423860989117,7.107415275360674,16.0,193,10000.0,68.0,6.0,2.0,15.553142991613285,1.2859137224408335,2025-12-01T20:37:50.574855
60.52218242187566,11.166550808001944,16.0,194,10000.0,68.0,6.0,2.0,27.624919078758005,0.7239840212013097,2025-12-01T20:37:50.591255
25.504485148814954,7.478454624623903,16.0,195,10000.0,68.0,6.0,2.0,13.208902945378606,1.5141302864215074,2025-12-01T20:37:50.607690
70.38454750381844,7.155820641616416,16.0,196,10000.0,68.0,6.0,2.0,15.534310270072707,1.2874726751486723,2025-12-01T20:37:50.622855
27.18642123889859,3.2175734993236267,16.0,197,10000.0,68.0,6.0,2.0,21.01027380067656,0.9519152482132799,2025-12-01T20:37:50.640044
26.481677754860733,8.7308266505353,16.0,198,10000.0,68.0,6.0,2.0,11.281211470091769,1.7728592406075432,2025-12-01T20:37:50.657980
150.53377126403018,5.4669960152266395,16.0,199,10000.0,68.0,6.0,2.0,36.59303522347292,0.5465520932565557,2025-12-01T20:37:50.675829
121.7558559825002,6.534134111304306,16.0,200,10000.0,68.0,6.0,2.0,35.3155089524582,0.5663234254084808,2025-12-01T20:37:50.693190
144.6259372797106,7.396248808036583,16.0,201,10000.0,68.0,6.0,2.0,96.38487774849497,0.2075014303819283,2025-12-01T20:37:50.712477
46.947971461890866,9.816698072135303,16.0,202,10000.0,68.0,6.0,2.0,13.208215106554517,1.5142091371660877,2025-12-01T20:37:50.727115
110.23084249181498,10.938330418228253,16.0,203,10000.0,68.0,6.0,2.0,2073.2612939024893,0.00964663743003377,2025-12-01T20:37:50.773733
165.38715089814113,9.763869667788033,16.0,204,10000.0,68.0,6.0,2.0,3029.5791845506724,0.006601576912724356,2025-12-01T20:37:50.814388
147.6854923433937,10.968761070025835,16.0,205,10000.0,68.0,6.0,2.0,3073.304512061698,0.006507653218711862,2025-12-01T20:37:50.854556
162.203084957957,9.209051488517765,16.0,206,10000.0,68.0,6.0,2.0,2804.315625177957,0.007131864837336502,2025-12-01T20:37:50.899849
141.8209786437165,3.7514558501560415,16.0,207,10000.0,68.0,6.0,2.0,19.18089515378209,1.0427042033049432,2025-12-01T20:37:50.914950
151.6290172758455,8.997032599286335,16.0,208,10000.0,68.0,6.0,2.0,2544.685804020376,0.00785951647484408,2025-12-01T20:37:50.969166
147.3756778198488,4.840979137942538,16.0,209,10000.0,68.0,6.0,2.0,28.178977684505263,0.7097489562581745,2025-12-01T20:37:50.986942
21.70440438688383,10.730891282023919,16.0,210,10000.0,68.0,6.0,2.0,10.644086374201356,1.8789776122519144,2025-12-01T20:37:51.003317
73.35851269301621,3.1388518160941605,16.0,211,10000.0,68.0,6.0,2.0,14.243164879197893,1.404182298641361,2025-12-01T20:37:51.019730
172.52633557733907,7.161507899383026,16.0,212,10000.0,68.0,6.0,2.0,130.41999879663047,0.1533507144957643,2025-12-01T20:37:51.041132
156.35999033278014,7.977462839798121,16.0,213,10000.0,68.0,6.0,2.0,176.62819522455965,0.11323220494085112,2025-12-01T20:37:51.063934
41.51588176481325,7.966360307576446,16.0,214,10000.0,68.0,6.0,2.0,7.641398128810112,2.6173220741626664,2025-12-01T20:37:51.080439
166.48408128579936,9.346701953217687,16.0,215,10000.0,68.0,6.0,2.0,3159.9350335845716,0.006329244046929779,2025-12-01T20:37:51.136319
117.19980591809676,10.027324713682814,16.0,216,10000.0,68.0,6.0,2.0,214.7662790426781,0.09312448904525475,2025-12-01T20:37:51.164568
43.5634800916783,3.882941095754535,16.0,217,10000.0,68.0,6.0,2.0,15.42246363414499,1.296809671557302,2025-12-01T20:37:51.182573
40.11089613265952,8.159758285820686,16.0,218,10000.0,68.0,6.0,2.0,7.69144078029642,2.600293049286043,2025-12-01T20:37:51.201812
152.167540590487,9.244641233319118,16.0,219,10000.0,68.0,6.0,2.0,712.7324340763463,0.028061021280613763,2025-12-01T20:37:51.236013
43.373904168680234,6.802309231952782,16.0,220,10000.0,68.0,6.0,2.0,9.429032346746697,2.1211084302728698,2025-12-01T20:37:51.252079
155.4894184671645,4.784726930965096,16.0,221,10000.0,68.0,6.0,2.0,29.173779005483667,0.6855471139423072,2025-12-01T20:37:51.268171
29.86456393152388,10.623641226216272,16.0,222,10000.0,68.0,6.0,2.0,7.258752763790223,2.7552942841321983,2025-12-01T20:37:51.283632
100.22391582580768,9.014246282066573,16.0,223,10000.0,68.0,6.0,2.0,45.952741454754204,0.43522974618809884,2025-12-01T20:37:51.303466
48.334371071285425,7.007337467842081,16.0,224,10000.0,68.0,6.0,2.0,7.736215905913338,2.585243256294409,2025-12-01T20:37:51.323815
33.779257710393004,6.60807895071636,16.0,225,10000.0,68.0,6.0,2.0,11.970690682420447,1.6707473721103656,2025-12-01T20:37:51.342292
90.27101919629867,4.867453099898981,16.0,226,10000.0,68.0,6.0,2.0,12.86351852219295,1.5547845611210296,2025-12-01T20:37:51.359596
137.0018531729298,10.70240265094862,16.0,227,10000.0,68.0,6.0,2.0,618.4960595588187,0.03233650350863393,2025-12-01T20:37:51.389260
76.48857784763008,3.687922163470774,16.0,228,10000.0,68.0,6.0,2.0,11.726490062721986,1.7055401823585006,2025-12-01T20:37:51.406890
103.9811138895003,5.093262820128528,16.0,229,10000.0,68.0,6.0,2.0,17.000287244992773,1.1764507100249588,2025-12-01T20:37:51.424158
56.39076637780392,7.189929786688133,16.0,230,10000.0,68.0,6.0,2.0,10.377809206007608,1.9271890244833374,2025-12-01T20:37:51.440538
77.0281687863421,6.922750418696705,16.0,231,10000.0,68.0,6.0,2.0,16.20001765383587,1.234566555874361,2025-12-01T20:37:51.455354
152.1557660565505,7.4123886785797515,16.0,232,10000.0,68.0,6.0,2.0,60.80749284455339,0.3289068347403741,2025-12-01T20:37:51.474594
115.7879240529354,8.577731505111753,16.0,233,10000.0,68.0,6.0,2.0,48.1005915691492,0.4157953020442189,2025-12-01T20:37:51.493000
169.46173675671426,5.298855657481504,16.0,234,10000.0,68.0,6.0,2.0,35.91819532207575,0.556820848616182,2025-12-01T20:37:51.510414
152.81202767101132,8.699211282556735,16.0,235,10000.0,68.0,6.0,2.0,96.62080271730994,0.20699476135087969,2025-12-01T20:37:51.529358
155.36528057698771,10.089097609668267,16.0,236,10000.0,68.0,6.0,2.0,382.7731892674114,0.05225026350011072,2025-12-01T20:37:51.550752
17.237136337649055,9.297062870662652,16.0,237,10000.0,68.0,6.0,2.0,12.6959484068992,1.5753057084834758,2025-12-01T20:37:51.565646
179.72546008156672,7.046832887172431,16.0,238,10000.0,68.0,6.0,2.0,67.13889156730825,0.29788993433038063,2025-12-01T20:37:51.582269
143.82626069944558,8.619031217047542,16.0,239,10000.0,68.0,6.0,2.0,70.88138053281791,0.28216154721676234,2025-12-01T20:37:51.601235
143.3791423334135,4.319160511778586,16.0,240,10000.0,68.0,6.0,2.0,20.93939570389939,0.9551374014234588,2025-12-01T20:37:51.617092
171.19825343736434,4.905639974759055,16.0,241,10000.0,68.0,6.0,2.0,30.350327540877885,0.65897147149607,2025-12-01T20:37:51.633501
20.496682325532564,7.254988208478246,16.0,242,10000.0,68.0,6.0,2.0,13.127977914444966,1.5234638670433485,2025-12-01T20:37:51.650476
40.305004050189154,4.961592558053196,16.0,243,10000.0,68.0,6.0,2.0,12.412327093973708,1.6113013980843425,2025-12-01T20:37:51.665528
58.44391960514519,10.564262746038906,16.0,244,10000.0,68.0,6.0,2.0,17.801549872814064,1.1234976809824484,2025-12-01T20:37:51.682282
96.60923874293404,6.52666431730947,16.0,245,10000.0,68.0,6.0,2.0,19.036124203925386,1.050634035886142,2025-12-01T20:37:51.698421
30.03118939192389,8.049261066917104,16.0,246,10000.0,68.0,6.0,2.0,9.97809572129547,2.0043904727547925,2025-12-01T20:37:51.715473
85.57441946616443,8.981321073242325,16.0,247,10000.0,68.0,6.0,2.0,24.16613162586232,0.8276045297459287,2025-12-01T20:37:51.732529
106.66106566419228,6.687784423659444,16.0,248,10000.0,68.0,6.0,2.0,21.700382780164055,0.9216427287301887,2025-12-01T20:37:51.750040
90.47699928547961,3.691849759870676,16.0,249,10000.0,68.0,6.0,2.0,9.994932615946556,2.001013990638688,2025-12-01T20:37:51.766012
22.686297001071672,3.692480583460628,16.0,250,10000.0,68.0,6.0,2.0,14.979684484287775,1.3351416060183408,2025-12-01T20:37:51.782438
159.5733062027723,9.565203316716682,16.0,251,10000.0,68.0,6.0,2.0,458.9917150321948,0.043573771257716824,2025-12-01T20:37:51.821043
109.97904419827006,9.042627625856898,16.0,252,10000.0,68.0,6.0,2.0,35.08722471781778,0.5700080345723018,2025-12-01T20:37:51.838071
35.993772157521946,7.256399028553237,16.0,253,10000.0,68.0,6.0,2.0,9.377180611012966,2.132837238573728,2025-12-01T20:37:51.852218
78.52123071027876,4.3881274422408545,16.0,254,10000.0,68.0,6.0,2.0,9.057639335192738,2.2080808541682146,2025-12-01T20:37:51.869725
77.37607092000489,3.3943275274140023,16.0,255,10000.0,68.0,6.0,2.0,11.38465416084111,1.7567507732287915,2025-12-01T20:37:51.885843
129.9983293236291,4.868144551460281,16.0,256,10000.0,68.0,6.0,2.0,18.5251853341772,1.0796113312346685,2025-12-01T20:37:51.901942
19.281212320918623,3.2193051508403125,16.0,257,10000.0,68.0,6.0,2.0,14.279381546373717,1.4006208836879948,2025-12-01T20:37:51.918968
115.41837107601071,8.21361446355876,16.0,258,10000.0,68.0,6.0,2.0,27.557614414367546,0.7257522258375428,2025-12-01T20:37:51.934848
133.69020508831878,8.391550523855845,16.0,259,10000.0,68.0,6.0,2.0,36.48101387787639,0.5482303772299715,2025-12-01T20:37:51.951996
27.8552480468888,6.344238073920361,16.0,260,10000.0,68.0,6.0,2.0,10.856213219341393,1.8422630060699312,2025-12-01T20:37:51.968047
139.44009131035187,6.260223933816508,16.0,261,10000.0,68.0,6.0,2.0,23.926437307413288,0.8358954466573787,2025-12-01T20:37:51.983692
131.14887783509351,6.888086744893208,16.0,262,10000.0,68.0,6.0,2.0,24.075369430035444,0.8307245318964377,2025-12-01T20:37:52.001326
164.10655896500236,4.222046026224146,16.0,263,10000.0,68.0,6.0,2.0,19.97183123382572,1.0014104248050408,2025-12-01T20:37:52.018669
165.55350353465994,6.686215276982525,16.0,264,10000.0,68.0,6.0,2.0,29.797353237155317,0.6712005539828058,2025-12-01T20:37:52.035793
132.01417903811068,6.467488287552254,16.0,265,10000.0,68.0,6.0,2.0,21.80373682591955,0.9172739590318606,2025-12-01T20:37:52.050349
25.981033477723958,10.71788637772534,16.0,266,10000.0,68.0,6.0,2.0,7.64464934194896,2.6162089463348903,2025-12-01T20:37:52.066806
26.21593577493006,3.5618224921176735,16.0,267,10000.0,68.0,6.0,2.0,11.876695315536386,1.6839701169935033,2025-12-01T20:37:52.082378
105.25053416088392,10.473523166632292,16.0,268,10000.0,68.0,6.0,2.0,36.53081869478573,0.5474829394626933,2025-12-01T20:37:52.100852
131.13945272683156,6.814807249278655,16.0,269,10000.0,68.0,6.0,2.0,21.123715169417256,0.9468031470598429,2025-12-01T20:37:52.121536
129.58269208827934,9.150603302465331,16.0,270,10000.0,68.0,6.0,2.0,37.82960489033783,0.5286864628371589,2025-12-01T20:37:52.139221
163.42575877513573,10.878198553965904,16.0,271,10000.0,68.0,6.0,2.0,1281.9909412065454,0.015600734261957426,2025-12-01T20:37:52.185038
64.10057181492971,9.704903406262009,16.0,272,10000.0,68.0,6.0,2.0,13.754551724235675,1.4540641091748394,2025-12-01T20:37:52.200199
14.992111878600351,6.213444673963398,16.0,273,10000.0,68.0,6.0,2.0,11.203216687244355,1.7852015682934526,2025-12-01T20:37:52.216731
15.626397774481571,5.192127371136961,16.0,274,10000.0,68.0,6.0,2.0,11.736517868315428,1.7040829507015143,2025-12-01T20:37:52.231109
20.118594789076624,5.24433282356478,16.0,275,10000.0,68.0,6.0,2.0,11.583785478631453,1.7265513106137793,2025-12-01T20:37:52.244012
133.23121992441523,7.045507139657941,16.0,276,10000.0,68.0,6.0,2.0,24.21119366057253,0.8260641866893833,2025-12-01T20:37:52.260418
46.897248051162535,3.6647799994435784,16.0,277,10000.0,68.0,6.0,2.0,11.665735193145215,1.7144225947929967,2025-12-01T20:37:52.276180
145.9346048050865,4.69728659719631,16.0,278,10000.0,68.0,6.0,2.0,19.318662845915245,1.0352683391971311,2025-12-01T20:37:52.291222
145.388643531988,9.830044815823406,16.0,279,10000.0,68.0,6.0,2.0,395.34286061834825,0.050589000061158004,2025-12-01T20:37:52.337490
166.15947025710048,10.746092655318886,16.0,280,10000.0,68.0,6.0,2.0,2011.6337720407646,0.009942167544597532,2025-12-01T20:37:52.388151
143.72123526638487,10.264347901564749,16.0,281,10000.0,68.0,6.0,2.0,1649.9501369410123,0.012121578435745798,2025-12-01T20:37:52.463334
33.87625250305538,5.95610837115707,16.0,282,10000.0,68.0,6.0,2.0,10.714261569648654,1.8666708732084696,2025-12-01T20:37:52.482759
106.32298354833566,10.038736537183794,16.0,283,10000.0,68.0,6.0,2.0,37.22728169338425,0.5372404078472979,2025-12-01T20:37:52.498488
152.25951947123704,5.517701703592284,16.0,284,10000.0,68.0,6.0,2.0,25.155659355250812,0.7950497229095823,2025-12-01T20:37:52.513704
126.34200291490376,3.1263069204957796,16.0,285,10000.0,68.0,6.0,2.0,11.763392606002302,1.7001897896185958,2025-12-01T20:37:52.528992
30.31095812987963,10.970677569758582,16.0,286,10000.0,68.0,6.0,2.0,6.951694844890137,2.876996250015355,2025-12-01T20:37:52.544035
138.0166588520245,9.409746390355254,16.0,287,10000.0,68.0,6.0,2.0,85.50222987395078,0.23391202813639397,2025-12-01T20:37:52.562929
178.17616671776088,10.926632804636057,16.0,288,10000.0,68.0,6.0,2.0,2961.8594110667646,0.006752514965859455,2025-12-01T20:37:52.610987
143.7515289814791,10.572834476730613,16.0,289,10000.0,68.0,6.0,2.0,2271.2996503730733,0.008805531228217683,2025-12-01T20:37:52.688130
93.91285747609773,8.740999250407473,16.0,290,10000.0,68.0,6.0,2.0,25.6820538982326,0.7787539142800557,2025-12-01T20:37:52.706310
135.82562891357156,6.282036529877609,16.0,291,10000.0,68.0,6.0,2.0,27.639960560151142,0.7235900339465113,2025-12-01T20:37:52.722176
148.28926346990622,7.851983994116671,16.0,292,10000.0,68.0,6.0,2.0,49.091930402182356,0.40739893168085545,2025-12-01T20:37:52.738937
57.883452391707124,7.897285924168504,16.0,293,10000.0,68.0,6.0,2.0,11.726556948083696,1.7055304543818648,2025-12-01T20:37:52.753493
107.19912689778127,7.035873828657788,16.0,294,10000.0,68.0,6.0,2.0,23.82061829924631,0.8396087687040771,2025-12-01T20:37:52.769890
84.84443740317175,3.3686463056311595,16.0,295,10000.0,68.0,6.0,2.0,11.459130164242078,1.7453331721817322,2025-12-01T20:37:52.786504
102.79751168695324,5.981645155274178,16.0,296,10000.0,68.0,6.0,2.0,18.833145642979545,1.0619574859739602,2025-12-01T20:37:52.800347
147.44969321478447,3.1380515724409515,16.0,297,10000.0,68.0,6.0,2.0,15.196440689363733,1.3160976579205397,2025-12-01T20:37:52.816914
74.90138298100752,5.170700098484036,16.0,298,10000.0,68.0,6.0,2.0,9.913757043685292,2.017398642297703,2025-12-01T20:37:52.831439
42.227444797185996,6.005374844368136,16.0,299,10000.0,68.0,6.0,2.0,10.59814792258548,1.8871221789024513,2025-12-01T20:37:52.847858
153.90334086939686,4.36669828766016,16.0,300,10000.0,68.0,6.0,2.0,23.265893149813703,0.8596274327925445,2025-12-01T20:37:52.863685
118.87999374514524,8.517351516779906,16.0,301,10000.0,68.0,6.0,2.0,45.1401390305279,0.4430646522039768,2025-12-01T20:37:52.882275
34.76297186244746,3.1221994754591464,16.0,302,10000.0,68.0,6.0,2.0,16.354627271284397,1.2228954942382686,2025-12-01T20:37:52.899748
122.56967472392272,9.647512578565422,16.0,303,10000.0,68.0,6.0,2.0,72.19891066916126,0.27701248972642345,2025-12-01T20:37:52.916932
59.572099347074015,10.209462942567075,16.0,304,10000.0,68.0,6.0,2.0,18.62549397874774,1.0737970237364234,2025-12-01T20:37:52.934598
155.05248316714383,5.2730896299489345,16.0,305,10000.0,68.0,6.0,2.0,30.68621276370203,0.6517584999494467,2025-12-01T20:37:52.950474
102.63052762236802,5.4892967357074225,16.0,306,10000.0,68.0,6.0,2.0,17.9751502057092,1.1126471696268594,2025-12-01T20:37:52.965838
18.862492052287998,3.978425828785241,16.0,307,10000.0,68.0,6.0,2.0,18.56687231704036,1.0771873505934728,2025-12-01T20:37:52.984202
14.982398277863119,4.5852341141871875,16.0,308,10000.0,68.0,6.0,2.0,19.014542709754238,1.0518265048646285,2025-12-01T20:37:53.000664
106.06888935090761,11.19445026874024,16.0,309,10000.0,68.0,6.0,2.0,107.2342399437258,0.18650759319500532,2025-12-01T20:37:53.019481
139.4838896436285,3.114214169471105,16.0,310,10000.0,68.0,6.0,2.0,14.303300160602047,1.3982787031967152,2025-12-01T20:37:53.034540
164.05238094283212,9.681866405873071,16.0,311,10000.0,68.0,6.0,2.0,496.1684230469414,0.04030889325278131,2025-12-01T20:37:53.060123
42.087405673725655,9.684945965434748,16.0,312,10000.0,68.0,6.0,2.0,10.32572229361522,1.9369105067222994,2025-12-01T20:37:53.075982
33.14084651179621,8.322836006181127,16.0,313,10000.0,68.0,6.0,2.0,9.44670097112436,2.1171412179906834,2025-12-01T20:37:53.090682
172.95743751434165,7.0837300641941745,16.0,314,10000.0,68.0,6.0,2.0,82.03125715565416,0.24380950254181813,2025-12-01T20:37:53.107972
128.7630988174493,3.19669729650158,16.0,315,10000.0,68.0,6.0,2.0,13.051661219568464,1.5323719841895553,2025-12-01T20:37:53.124212
172.24389900124945,10.01437087322844,16.0,316,10000.0,68.0,6.0,2.0,3802.4930560438675,0.00525970717243284,2025-12-01T20:37:53.173561
158.78329864284106,9.470510749299155,16.0,317,10000.0,68.0,6.0,2.0,902.7302173352331,0.022155013331710494,2025-12-01T20:37:53.209713
158.56222696575833,5.455133201564111,16.0,318,10000.0,68.0,6.0,2.0,37.06461011786206,0.539598283548696,2025-12-01T20:37:53.230974
31.919389744291156,7.149754696156929,16.0,319,10000.0,68.0,6.0,2.0,11.714041542177597,1.7073526611620735,2025-12-01T20:37:53.248643
16.28484140838467,7.225943649265577,16.0,320,10000.0,68.0,6.0,2.0,16.480078039492188,1.2135864861848842,2025-12-01T20:37:53.268203
14.376669047746951,8.786831066983705,16.0,321,10000.0,68.0,6.0,2.0,15.597120908335736,1.2822879374687148,2025-12-01T20:37:53.289434
29.912227714300563,9.737582991562963,16.0,322,10000.0,68.0,6.0,2.0,8.542447082344195,2.3412495046456474,2025-12-01T20:37:53.307310
67.53577612042977,9.02757595351005,16.0,323,10000.0,68.0,6.0,2.0,20.728438559010627,0.9648580110394289,2025-12-01T20:37:53.324577
177.80862370098458,3.796298183593743,16.0,324,10000.0,68.0,6.0,2.0,26.712469951507003,0.7487139914918907,2025-12-01T20:37:53.344283
86.38753530827667,4.594332554327882,16.0,325,10000.0,68.0,6.0,2.0,11.022498856694613,1.8144705896569744,2025-12-01T20:37:53.359894
137.8875153400261,3.809772272405507,16.0,326,10000.0,68.0,6.0,2.0,18.621778891458025,1.0740112486876416,2025-12-01T20:37:53.377172
76.1599133251371,4.412082282311742,16.0,327,10000.0,68.0,6.0,2.0,9.474493077204054,2.110930879048365,2025-12-01T20:37:53.394933
40.50188015045546,6.6883463131639935,16.0,328,10000.0,68.0,6.0,2.0,10.4557689526292,1.9128196204996302,2025-12-01T20:37:53.410915
89.71633812028932,10.013328350496588,16.0,329,10000.0,68.0,6.0,2.0,58.611261596872886,0.34123135136656174,2025-12-01T20:37:53.430430
77.27479477493488,9.272712657586972,16.0,330,10000.0,68.0,6.0,2.0,29.451448159161902,0.679083754792489,2025-12-01T20:37:53.447923
19.390959702800867,9.198098506904469,16.0,331,10000.0,68.0,6.0,2.0,13.248598695079094,1.5095936151669058,2025-12-01T20:37:53.463425
132.09345959759384,10.955252120444914,16.0,332,10000.0,68.0,6.0,2.0,2746.9937931479863,0.007280686272348835,2025-12-01T20:37:53.506706
147.85158588068555,10.022104667961951,16.0,333,10000.0,68.0,6.0,2.0,2802.536886836386,0.007136391350972292,2025-12-01T20:37:53.549534
66.553645237045,8.797117843844639,16.0,334,10000.0,68.0,6.0,2.0,19.68441624373385,1.0160321623135058,2025-12-01T20:37:53.565777
120.36676940385192,6.521140133453453,16.0,335,10000.0,68.0,6.0,2.0,34.00468184170631,0.5881543045484476,2025-12-01T20:37:53.582378
125.62146242299504,7.305518285414611,16.0,336,10000.0,68.0,6.0,2.0,52.56537598696898,0.38047858736819506,2025-12-01T20:37:53.600664
126.02677354440488,4.269686606346086,16.0,337,10000.0,68.0,6.0,2.0,18.90354071846037,1.0580028523687564,2025-12-01T20:37:53.616225
65.42620771794489,6.758398957977981,16.0,338,10000.0,68.0,6.0,2.0,12.591662549756714,1.5883526040321359,2025-12-01T20:37:53.632271
121.56933521863945,4.517025074913938,16.0,339,10000.0,68.0,6.0,2.0,19.244944509908645,1.039233965559246,2025-12-01T20:37:53.647400
137.79689477874348,7.7017224661694526,16.0,340,10000.0,68.0,6.0,2.0,102.44590059261523,0.19522499079325475,2025-12-01T20:37:53.666451
153.07807065730418,6.8543753828822,16.0,341,10000.0,68.0,6.0,2.0,80.46446906036425,0.2485569125547333,2025-12-01T20:37:53.684772
113.21633772967559,5.288572838294897,16.0,342,10000.0,68.0,6.0,2.0,21.208913289233273,0.9429997533231946,2025-12-01T20:37:53.702074
140.70244013758864,6.088233134586071,16.0,343,10000.0,68.0,6.0,2.0,40.960857108719715,0.48827103268164807,2025-12-01T20:37:53.720535
156.06670015694826,6.364696295458907,16.0,344,10000.0,68.0,6.0,2.0,62.33752939804242,0.3208340175353189,2025-12-01T20:37:53.737718
61.71352357176516,6.23031170181093,16.0,345,10000.0,68.0,6.0,2.0,9.76691496531484,2.0477295103956394,2025-12-01T20:37:53.755179
94.75006418294981,7.337258955173156,16.0,346,10000.0,68.0,6.0,2.0,26.952230181382756,0.7420536209955269,2025-12-01T20:37:53.771409
94.76747195485368,7.352786028467834,16.0,347,10000.0,68.0,6.0,2.0,27.040789266365824,0.7396233816620369,2025-12-01T20:37:53.787799
43.51659689573003,10.683797109330545,16.0,348,10000.0,68.0,6.0,2.0,13.28044453495194,1.5059736853960948,2025-12-01T20:37:53.803702
50.22266428539073,4.091852569968966,16.0,349,10000.0,68.0,6.0,2.0,14.100648108686169,1.4183745205073062,2025-12-01T20:37:53.818283
62.48806717615512,8.129287291104308,16.0,350,10000.0,68.0,6.0,2.0,15.427232317784645,1.2964088170853452,2025-12-01T20:37:53.833651
79.27520333925735,4.380006208620331,16.0,351,10000.0,68.0,6.0,2.0,9.112962438892419,2.19467600509838,2025-12-01T20:37:53.849529
15.186437220623379,9.740535873042344,16.0,352,10000.0,68.0,6.0,2.0,14.264470138953474,1.4020850270059395,2025-12-01T20:37:53.866161
158.23761528048414,7.214107199077351,16.0,353,10000.0,68.0,6.0,2.0,163.22780584183778,0.12252814339353016,2025-12-01T20:37:53.885284
152.20326493833014,3.1949261043122146,16.0,354,10000.0,68.0,6.0,2.0,17.22803332067694,1.1608986137724826,2025-12-01T20:37:53.902110
102.11549473720139,5.090175778098628,16.0,355,10000.0,68.0,6.0,2.0,16.85994691572606,1.1862433553302036,2025-12-01T20:37:53.916999
159.82623959317158,3.984769256767967,16.0,356,10000.0,68.0,6.0,2.0,23.90670690281416,0.8365853181412332,2025-12-01T20:37:53.932884
69.49311697362245,8.137718438248275,16.0,357,10000.0,68.0,6.0,2.0,17.895963138195164,1.1175704736066545,2025-12-01T20:37:53.949065
118.51921941615282,4.56686912165004,16.0,358,10000.0,68.0,6.0,2.0,18.201006608122263,1.0988403240881706,2025-12-01T20:37:53.965863
106.5807370815295,4.572521100434766,16.0,359,10000.0,68.0,6.0,2.0,15.445871787903299,1.2948443619519971,2025-12-01T20:37:53.982639
50.0,12.0,16.0,0,10000.0,68.0,6.0,2.0,20.071758432871462,0.9964249055153064,2025-12-01T20:37:54.593004
50.0,12.0,16.0,0,10000.0,68.0,6.0,2.0,20.071758432871462,0.9964249055153064,2025-12-01T20:37:58.239921
50.0,12.0,16.0,0,10000.0,68.0,6.0,2.0,20.071758432871462,0.9964249055153064,2025-12-01T20:38:01.614631
50.0,12.0,16.0,0,10000.0,68.0,6.0,2.0,20.071758432871462,0.9964249055153064,2025-12-01T20:38:25.747752
50.0,12.0,16.0,0,10000.0,68.0,6.0,2.0,20.071758432871462,0.9964249055153064,2025-12-01T20:38:26.732183
50.0,12.0,16.0,0,10000.0,68.0,6.0,2.0,20.071758432871462,0.9964249055153064,2025-12-01T20:38:56.463613
50.0,12.0,16.0,0,10000.0,68.0,6.0,2.0,20.071758432871462,0.9964249055153064,2025-12-01T20:38:59.997043
50.0,12.0,16.0,0,10000.0,68.0,6.0,2.0,20.071758432871462,0.9964249055153064,2025-12-01T20:39:07.450796
50.0,12.0,16.0,0,10000.0,68.0,6.0,2.0,20.071758432871462,0.9964249055153064,2025-12-01T20:39:41.981603
50.0,12.0,16.0,0,10000.0,68.0,6.0,2.0,20.071758432871462,0.9964249055153064,2025-12-01T20:41:24.222149
50.0,12.0,16.0,0,10000.0,68.0,6.0,2.0,20.071758432871462,0.9964249055153064,2025-12-01T20:41:39.418721
50.0,12.0,16.0,0,10000.0,68.0,6.0,2.0,20.071758432871462,0.9964249055153064,2025-12-01T20:43:34.788874
50.0,12.0,16.0,0,10000.0,68.0,6.0,2.0,20.071758432871462,0.9964249055153064,2025-12-01T20:45:48.244504
50.0,12.0,16.0,0,10000.0,68.0,6.0,2.0,20.071758432871462,0.9964249055153064,2025-12-01T20:46:13.395672
50.0,12.0,16.0,0,10000.0,68.0,6.0,2.0,20.071758432871462,0.9964249055153064,2025-12-01T20:55:18.681688
50.0,12.0,16.0,0,10000.0,68.0,6.0,2.0,20.071758432871462,0.9964249055153064,2025-12-01T20:55:19.969993
50.0,12.0,16.0,0,10000.0,68.0,6.0,2.0,20.071758432871462,0.9964249055153064,2025-12-01T20:56:51.246799
50.0,12.0,16.0,0,10000.0,68.0,6.0,2.0,1286.1519378833011,0.015550262306423316,2025-12-01T20:56:54.275838
50.0,12.0,16.0,0,10000.0,68.0,6.0,2.0,1688.3197886123455,0.011846097010115773,2025-12-01T20:57:06.154510
50.0,12.0,16.0,0,10000.0,68.0,6.0,2.0,1910.3108030060264,0.010469500548564352,2025-12-01T20:57:09.236244
50.0,12.0,16.0,0,10000.0,68.0,8.58,1.17,2331.9223068762453,0.008576615070332786,2025-12-01T20:57:12.600605
50.0,12.0,16.0,0,10000.0,68.0,6.0,2.0,20.071758432871462,0.9964249055153064,2025-12-01T20:57:47.034856
50.0,12.0,16.0,0,10000.0,68.0,8.58,1.17,18.411115215352417,1.0863003009900598,2025-12-01T20:57:53.420987
50.0,12.0,16.0,0,10000.0,68.0,8.58,1.17,1559.0472539498758,0.01282834753682393,2025-12-01T20:57:56.940920
50.0,12.0,49.0,0,10000.0,68.0,8.58,1.17,41.87736108461478,0.47758501209255394,2025-12-01T20:58:02.444817
50.0,12.0,55.0,0,10000.0,68.0,8.58,1.17,40.505065434270705,0.49376540404446084,2025-12-01T20:58:03.819920
50.0,12.0,31.0,0,10000.0,68.0,8.58,1.17,55.5600554561152,0.3599708430060378,2025-12-01T20:58:06.170376
50.0,12.0,31.0,0,10000.0,68.0,8.58,1.17,19.10149847711816,1.0470382741939415,2025-12-01T21:01:00.500462
50.0,12.0,37.0,0,10000.0,68.0,8.58,1.17,19.42798854340883,1.029442649470021,2025-12-01T21:01:07.859256
50.0,12.0,40.0,0,10000.0,68.0,8.58,1.17,19.527422989034577,1.0242006849153007,2025-12-01T21:01:09.125803
50.0,12.0,43.0,0,10000.0,68.0,8.58,1.17,19.72562172227837,1.0139097404170407,2025-12-01T21:01:10.188506
37.6,12.0,43.0,0,10000.0,68.0,8.58,1.17,13.978682699778698,1.430749980491125,2025-12-01T21:01:17.662189
37.6,18.0,43.0,0,10000.0,68.0,8.58,1.17,25.6705188150111,0.7791038484311736,2025-12-01T21:01:20.093120
37.6,18.0,43.0,80,10000.0,68.0,8.58,1.17,19.23614416646699,1.0397094046978805,2025-12-01T21:01:28.765640
37.6,18.0,43.0,45,10000.0,68.0,8.58,1.17,27.492957173154988,0.7274590315634961,2025-12-01T21:01:32.847514
37.6,18.0,43.0,45,10000.0,68.0,8.58,1.17,27.492957173154988,0.7274590315634961,2025-12-01T21:01:35.999778
37.6,18.0,43.0,45,10000.0,68.0,8.58,1.17,27.492957173154988,0.7274590315634961,2025-12-01T21:01:36.955812
37.6,18.0,43.0,45,10000.0,68.0,8.58,1.17,27.492957173154988,0.7274590315634961,2025-12-01T21:01:44.638299
50.0,12.0,16.0,0,10000.0,68.0,6.0,2.0,20.071758432871462,0.9964249055153064,2025-12-01T21:02:02.546356
50.0,12.0,16.0,0,10000.0,68.0,6.0,2.0,20.071758432871462,0.9964249055153064,2025-12-01T21:02:31.746138
50.0,12.0,16.0,0,10000.0,68.0,6.0,2.0,20.071758432871462,0.9964249055153064,2025-12-01T21:04:16.408721
50.0,12.0,28.0,0,10000.0,68.0,6.0,2.0,20.860192445157836,0.9587639257202775,2025-12-01T21:04:26.577479
50.0,12.0,43.0,0,10000.0,68.0,6.0,2.0,22.236895942480782,0.8994061064877551,2025-12-01T21:04:29.882763
50.0,12.0,16.0,0,10000.0,68.0,6.0,2.0,20.071758432871462,0.9964249055153064,2025-12-01T21:05:02.256020
50.0,12.0,16.0,0,10000.0,68.0,6.0,2.0,20.071758432871462,0.9964249055153064,2025-12-01T21:06:39.133490
50.0,12.0,16.0,0,10000.0,68.0,6.0,2.0,20.071758432871462,0.9964249055153064,2025-12-01T21:06:52.373292
50.0,12.0,43.0,0,10000.0,68.0,6.0,2.0,22.236895942480782,0.8994061064877551,2025-12-01T21:11:15.264582
50.0,12.0,43.0,0,10000.0,68.0,8.58,1.17,19.72562172227837,1.0139097404170407,2025-12-01T21:11:21.351831
50.0,12.0,43.0,105,10000.0,68.0,8.58,1.17,17.633224024018663,1.1342225320087518,2025-12-01T21:11:25.060881
50.0,12.0,43.0,230,10000.0,68.0,8.58,1.17,20.573355581179168,0.972131158725333,2025-12-01T21:11:27.884892
50.0,12.0,16.0,0,10000.0,68.0,6.0,2.0,20.071758432871462,0.9964249055153064,2025-12-01T21:14:30.213635
50.0,12.0,16.0,41,10000.0,68.0,6.0,2.0,20.201029498690517,0.9900485517976424,2025-12-01T21:14:36.303181
50.0,12.0,16.0,0,10000.0,68.0,6.0,2.0,20.071758432871462,0.9964249055153064,2025-12-01T21:15:40.888832
50.0,12.0,16.0,0,10000.0,68.0,6.0,2.0,20.071758432871462,0.9964249055153064,2025-12-01T21:23:46.239822
50.0,12.0,43.0,0,10000.0,68.0,6.0,2.0,22.236895942480782,0.8994061064877551,2025-12-01T21:23:49.829792
50.0,12.0,43.0,0,10000.0,68.0,8.58,1.17,19.72562172227837,1.0139097404170407,2025-12-01T21:23:53.757526
37.6,12.0,43.0,0,10000.0,68.0,8.58,1.17,13.978682699778698,1.430749980491125,2025-12-01T21:23:59.482721
37.6,18.0,43.0,0,10000.0,68.0,8.58,1.17,25.6705188150111,0.7791038484311736,2025-12-01T21:24:00.522180
37.6,18.0,43.0,45,10000.0,68.0,8.58,1.17,27.492957173154988,0.7274590315634961,2025-12-01T21:24:04.390957
50.0,12.0,16.0,45,10000.0,68.0,6.0,2.0,19.787710828144462,1.0107283340503235,2025-12-01T21:25:07.174253
50.0,12.0,43.0,45,10000.0,68.0,6.0,2.0,21.642644431986042,0.9241014915183678,2025-12-01T21:25:12.191169
50.0,12.0,43.0,45,10000.0,68.0,8.58,1.17,20.959608828564665,0.9542162815912447,2025-12-01T21:25:17.795170
50.0,12.0,16.0,0,10000.0,68.0,6.0,2.0,20.071758432871462,0.9964249055153064,2025-12-01T21:27:32.282642
50.0,12.0,16.0,0,10000.0,68.0,6.0,2.0,20.071758432871462,0.9964249055153064,2025-12-01T21:28:06.270839
50.0,12.0,43.0,0,10000.0,68.0,6.0,2.0,22.236895942480782,0.8994061064877551,2025-12-01T21:28:11.144487
50.0,12.0,43.0,0,10000.0,68.0,8.58,1.17,19.72562172227837,1.0139097404170407,2025-12-01T21:28:15.210886
37.6,12.0,43.0,0,10000.0,68.0,8.58,1.17,13.978682699778698,1.430749980491125,2025-12-01T21:28:23.624182
37.6,18.0,43.0,0,10000.0,68.0,8.58,1.17,25.6705188150111,0.7791038484311736,2025-12-01T21:28:24.948716
37.6,18.0,34.0,0,10000.0,68.0,8.58,1.17,24.581155837808698,0.8136313903204526,2025-12-01T21:28:41.458404
37.6,18.0,49.0,0,10000.0,68.0,8.58,1.17,26.46878613569317,0.7556069967647664,2025-12-01T21:28:42.344006
37.6,18.0,49.0,0,10000.0,68.0,8.58,1.17,26.46878613569317,0.7556069967647664,2025-12-01T21:28:48.557506
37.6,18.0,49.0,0,10000.0,68.0,8.58,1.17,26.46878613569317,0.7556069967647664,2025-12-01T21:29:09.068016
50.0,12.0,16.0,0,10000.0,68.0,6.0,2.0,20.071758432871462,0.9964249055153064,2025-12-01T21:35:37.675832
50.0,12.0,16.0,0,10000.0,68.0,6.0,2.0,20.071758432871462,0.9964249055153064,2025-12-01T21:35:55.783001
50.0,12.0,37.0,0,10000.0,68.0,6.0,2.0,21.721796085740912,0.9207341750680014,2025-12-01T21:35:57.704893
50.0,12.0,43.0,0,10000.0,68.0,6.0,2.0,22.236895942480782,0.8994061064877551,2025-12-01T21:35:58.948035
37.6,12.0,43.0,0,10000.0,68.0,6.0,2.0,13.706957684564061,1.4591129892027592,2025-12-01T21:36:08.757572
37.6,18.0,43.0,0,10000.0,68.0,6.0,2.0,44.170324753261525,0.45279268630514663,2025-12-01T21:36:10.306167
37.6,18.0,43.0,0,10000.0,68.0,8.58,1.17,25.6705188150111,0.7791038484311736,2025-12-01T21:36:14.307975
37.6,18.0,43.0,0,10000.0,68.0,8.58,1.17,25.6705188150111,0.7791038484311736,2025-12-01T21:36:35.192781
50.0,12.0,16.0,0,10000.0,68.0,6.0,2.0,20.071758432871462,0.9964249055153064,2025-12-01T21:39:26.889204
50.0,12.0,16.0,0,10000.0,68.0,6.0,2.0,20.071758432871462,0.9964249055153064,2025-12-01T21:43:29.531109
50.0,12.0,16.0,0,10000.0,68.0,6.0,2.0,20.071758432871462,0.9964249055153064,2025-12-01T21:46:22.092807
50.0,12.0,16.0,0,10000.0,68.0,6.0,2.0,20.071758432871462,0.9964249055153064,2025-12-01T21:46:24.554259
50.0,12.0,16.0,0,10000.0,68.0,6.0,2.0,20.071758432871462,0.9964249055153064,2025-12-01T21:49:34.181403
50.0,12.0,16.0,0,10000.0,68.0,6.0,2.0,20.071758432871462,0.9964249055153064,2025-12-01T21:50:31.460287
50.0,12.0,16.0,0,10000.0,68.0,6.0,2.0,20.071758432871462,0.9964249055153064,2025-12-01T21:51:41.760008
50.0,12.0,16.0,0,10000.0,68.0,6.0,2.0,20.071758432871462,0.9964249055153064,2025-12-01T21:52:58.830959
50.0,12.0,16.0,0,10000.0,68.0,6.0,2.0,20.071758432871462,0.9964249055153064,2025-12-01T21:54:00.418097
50.0,12.0,16.0,0,10000.0,68.0,6.0,2.0,20.071758432871462,0.9964249055153064,2025-12-01T21:54:02.998001
50.0,12.0,16.0,0,10000.0,68.0,6.0,2.0,20.071758432871462,0.9964249055153064,2025-12-01T21:58:17.148758
50.0,12.0,16.0,0,10000.0,68.0,6.0,2.0,20.071758432871462,0.9964249055153064,2025-12-01T21:59:01.270527
50.0,12.0,16.0,0,10000.0,68.0,6.0,2.0,20.071758432871462,0.9964249055153064,2025-12-01T21:59:54.510217
50.0,12.0,16.0,0,10000.0,68.0,6.0,2.0,20.071758432871462,0.9964249055153064,2025-12-01T22:02:41.234374
